SV_ID,Property_Name,BHK,Property_Type,City,USPs,OTA_Platform,Current_Title,Valid_Listing_URL
75,Princess,3,Villa,Lonavala,"Infinity Pool, Lawn",Agoda,StayVista's Princess - A Villa with Infinity Pool & Breathtaking Views,https://www.agoda.com/en-in/princess-villa-by-vista-rooms/hotel/pune-in.html
75,Princess,3,Villa,Lonavala,"Infinity Pool, Lawn",Airbnb,3BR |Pool+Lawn|StayVista| Princess Villa@Lonavala,https://www.airbnb.co.in/rooms/1217140775649212419
75,Princess,3,Villa,Lonavala,"Infinity Pool, Lawn",Booking.com,StayVista's Princess - A Villa with Infinity Pool & Breathtaking Views,https://www.booking.com/hotel/in/princess-villa-lonavala.html
75,Princess,3,Villa,Lonavala,"Infinity Pool, Lawn",MakeMyTrip,StayVista | Villa Princess,https://www.makemytrip.com/hotels/hotel-details/?hotelId=201901091614188386&_uCurrency=INR&checkin=11252025&checkout=11262025&city=CTAGR&country=IN&funnelType=getaway&lat=27.16779&lng=78.04893&locusId=ZNDEL67F7E280&locusType=zone&rank=1&roomStayQualifier=2e0e&seekSummaryRequired=false&viewType=LUXE&mtkeys=defaultMtkey
57,Santoni Farms,3,Villa,Karjat,"Pool, River View, Orchard",Agoda,"StayVista's Santoni Farms - Riverside Bliss with Pool, Orchard & Activities",https://www.agoda.com/en-in/santoni-farms/hotel/karjat-in.html
57,Santoni Farms,3,Villa,Karjat,"Pool, River View, Orchard",Airbnb,StayVista at Santoni Farms - 3 BR,https://www.airbnb.co.in/rooms/17819849
57,Santoni Farms,3,Villa,Karjat,"Pool, River View, Orchard",Booking.com,"StayVista's Santoni Farms - Riverside Bliss with Pool, Orchard & Activities",https://www.booking.com/hotel/in/santoni-farms-karjat.html
57,Santoni Farms,3,Villa,Karjat,"Pool, River View, Orchard",MakeMyTrip,StayVista | Santoni Farms Pool Villa,https://www.makemytrip.com/hotels/hotel-details/?hotelId=201812311710071317&_uCurrency=INR&checkin=11252025&checkout=11262025&city=CTAGR&country=IN&funnelType=getaway&lat=27.16779&lng=78.04893&locusId=ZNDEL67F7E280&locusType=zone&rank=1&roomStayQualifier=2e0e&seekSummaryRequired=false&viewType=LUXE&mtkeys=defaultMtkey
29,Serene,3,Villa,Karjat,Plunge Pool,Agoda,Serene Villa by StayVista - A Hill-View Villa with Plunge pool,https://www.agoda.com/en-in/serene-by-vista-rooms/hotel/karjat-in.html
29,Serene,3,Villa,Karjat,Plunge Pool,Airbnb,StayVista at Serene w/ Pool - Karjat,https://www.airbnb.co.in/rooms/1588364350289160966
29,Serene,3,Villa,Karjat,Plunge Pool,Booking.com,Serene Villa by StayVista - A Hill-View Villa with Plunge pool,https://www.booking.com/hotel/in/3bhk-villa-in-karjat.html
29,Serene,3,Villa,Karjat,Plunge Pool,MakeMyTrip,StayVista | Vista Serene 3 BHK Villa,https://www.makemytrip.com/hotels/hotel-details/?hotelId=202104011946227630&_uCurrency=INR&checkin=11252025&checkout=11262025&city=CTAGR&country=IN&funnelType=getaway&lat=27.16779&lng=78.04893&locusId=ZNDEL67F7E280&locusType=zone&rank=1&roomStayQualifier=2e0e&seekSummaryRequired=false&viewType=LUXE&mtkeys=defaultMtkey
125,La Petite Maison,3,Villa,Lonavala,"Mountain View, Valley View, Lawn",Agoda,StayVista at La Petite Maison,https://www.agoda.com/en-in/la-petite-maison/hotel/lonavala-in.html
125,La Petite Maison,3,Villa,Lonavala,"Mountain View, Valley View, Lawn",Airbnb,3BR Mountain View | StayVista La Petite | Lonavala,https://www.airbnb.co.in/rooms/22575625
125,La Petite Maison,3,Villa,Lonavala,"Mountain View, Valley View, Lawn",Booking.com,"La Petite Maison Villa by VEO, StayVista - 3BHK with Valley View & Lawn",https://www.booking.com/hotel/in/la-petite-maison.html
125,La Petite Maison,3,Villa,Lonavala,"Mountain View, Valley View, Lawn",MakeMyTrip,StayVista | La Petite Maison 3 BHK Villa,https://www.makemytrip.com/hotels/hotel-details/?hotelId=201802131542209732&_uCurrency=INR&checkin=11252025&checkout=11262025&city=CTAGR&country=IN&funnelType=getaway&lat=27.16779&lng=78.04893&locusId=ZNDEL67F7E280&locusType=zone&rank=1&roomStayQualifier=2e0e&seekSummaryRequired=false&viewType=LUXE&mtkeys=defaultMtkey
121,Stone  Bezze,2,House,Nashik,"Mountain View, Lake View, Jacuzzi, Lawn, Bonfire",Agoda,Stone House Bezze by StayVista with Lake view & Lawn - your perfect getaway,https://www.agoda.com/en-in/the-stone-house-2bhk-w-jacuzzi-near-sula-vineyards/hotel/nasik-in.html
121,Stone  Bezze,2,House,Nashik,"Mountain View, Lake View, Jacuzzi, Lawn, Bonfire",Airbnb,2BR StayVista Stone House Bezze@Nashik,https://www.airbnb.co.in/rooms/23407148
121,Stone  Bezze,2,House,Nashik,"Mountain View, Lake View, Jacuzzi, Lawn, Bonfire",Booking.com,"The Stone House in Beze by VEO, StayVista - 2BHK with Mountain View & Bonfire",https://www.booking.com/hotel/in/beze-the-stone-house-nashik.html
121,Stone  Bezze,2,House,Nashik,"Mountain View, Lake View, Jacuzzi, Lawn, Bonfire",MakeMyTrip,StayVista | The Stone House In Beze,https://www.makemytrip.com/hotels/hotel-details/?hotelId=201901141906422989&_uCurrency=INR&checkin=11252025&checkout=11262025&city=CTAGR&country=IN&funnelType=getaway&lat=27.16779&lng=78.04893&locusId=ZNDEL67F7E280&locusType=zone&rank=1&roomStayQualifier=2e0e&seekSummaryRequired=false&viewType=LUXE&mtkeys=defaultMtkey
150,Moksh,4,Villa,India,"Jacuzzi, BBQ",Agoda,StayVista at Moksh Villa - BBQ & Jacuzzi,https://www.agoda.com/en-in/moksh/hotel/zirad-in.html
150,Moksh,4,Villa,India,"Jacuzzi, BBQ",Airbnb,StayVista at Moksh Villa - 4BR -Jacuzzi & TT Table,https://www.airbnb.co.in/rooms/1730870489567411287
150,Moksh,4,Villa,India,"Jacuzzi, BBQ",Booking.com,StayVista's Moksh Villa - 4BHK with Pickle Ball & Sauna,https://www.booking.com/hotel/in/vista-moksh-villa.html
150,Moksh,4,Villa,India,"Jacuzzi, BBQ",MakeMyTrip,StayVista | Moksh 4 BHK Villa,https://www.makemytrip.com/hotels/hotel-details/?hotelId=201901101244594913&_uCurrency=INR&checkin=11252025&checkout=11262025&city=CTAGR&country=IN&funnelType=getaway&lat=27.16779&lng=78.04893&locusId=ZNDEL67F7E280&locusType=zone&rank=1&roomStayQualifier=2e0e&seekSummaryRequired=false&viewType=LUXE&mtkeys=defaultMtkey
107,EL,4,Villa,Lonavala,"Pool, Lawn",Agoda,El House by StayVista - Unwind in a Villa w/ Pool,https://www.agoda.com/en-in/el-house-by-vista-rooms/hotel/lonavala-in.html
107,EL,4,Villa,Lonavala,"Pool, Lawn",Airbnb,4bhk- Pvt Pool+Lawn-El House @Lonavala,https://www.airbnb.co.in/rooms/23135024
107,EL,4,Villa,Lonavala,"Pool, Lawn",Booking.com,El House by StayVista - Unwind in a Villa with Pool and Lush Lawn,https://www.booking.com/hotel/in/el-house-by-vista.html
107,EL,4,Villa,Lonavala,"Pool, Lawn",MakeMyTrip,StayVista | EL House 4 BHK Villa,https://www.makemytrip.com/hotels/hotel-details/?hotelId=201901091226204920&_uCurrency=INR&checkin=11252025&checkout=11262025&city=CTAGR&country=IN&funnelType=getaway&lat=27.16779&lng=78.04893&locusId=ZNDEL67F7E280&locusType=zone&rank=1&roomStayQualifier=2e0e&seekSummaryRequired=false&viewType=LUXE&mtkeys=defaultMtkey
142,Retreat on Cloud 9 Homestay,2,Villa,Lonavala,Orchard,Agoda,Cosy Homestay by StayVista - A Tranquil Retreat on Cloud 9,https://www.agoda.com/en-in/retreat-on-cloud-9-by-vista-rooms/hotel/lonavala-in.html
142,Retreat on Cloud 9 Homestay,2,Villa,Lonavala,Orchard,Airbnb,Retreat on Cloud 9 Homestay with Vintage rooms,https://www.airbnb.co.in/rooms/24479920
142,Retreat on Cloud 9 Homestay,2,Villa,Lonavala,Orchard,Booking.com,StayVista's Retreat on Cloud 9 Homestay - 2BHK Mountain-View Homestay with Orchard,https://www.booking.com/hotel/in/retreat-on-cloud-9-lonavala.html
142,Retreat on Cloud 9 Homestay,2,Villa,Lonavala,Orchard,MakeMyTrip,StayVista | 2 BHK Retreat On Cloud 9 Villa,https://www.makemytrip.com/hotels/hotel-details/?hotelId=201901091424516381&_uCurrency=INR&checkin=11252025&checkout=11262025&city=CTAGR&country=IN&funnelType=getaway&lat=27.16779&lng=78.04893&locusId=ZNDEL67F7E280&locusType=zone&rank=1&roomStayQualifier=2e0e&seekSummaryRequired=false&viewType=LUXE&mtkeys=defaultMtkey
462,Casa del Verde,4,Villa,Alibaug,"Private Pool, Lawn, Bonfire",Agoda,StayVista at Casa del Verde,https://www.agoda.com/4bhk-private-pool-near-sula-vineyards/hotel/alibaug-in.html
462,Casa del Verde,4,Villa,Alibaug,"Private Pool, Lawn, Bonfire",Airbnb,"4BR- @Casa Del Verde, w/pool, lawn &bonfire",https://www.airbnb.co.in/rooms/35356405
462,Casa del Verde,4,Villa,Alibaug,"Private Pool, Lawn, Bonfire",Booking.com,StayVista's Casa Del Verde - 4BHK Mountain-View Villa with Private Pool,https://www.booking.com/hotel/in/casa-del-verde-by-vista-rooms.html
462,Casa del Verde,4,Villa,Alibaug,"Private Pool, Lawn, Bonfire",MakeMyTrip,StayVista | Casa Del Verde 4 BHK Villa,https://www.makemytrip.com/hotels/hotel-details/?hotelId=201906281817296202&_uCurrency=INR&checkin=11252025&checkout=11262025&city=CTAGR&country=IN&funnelType=getaway&lat=27.16779&lng=78.04893&locusId=ZNDEL67F7E280&locusType=zone&rank=1&roomStayQualifier=2e0e&seekSummaryRequired=false&viewType=LUXE&mtkeys=defaultMtkey
166,Le Sutra Great Escapes,3,Villa,Lonavala,Pool,Agoda,StayVista's Le Sutra Great Escapes - Geometrica,https://www.agoda.com/en-in/breeze-in-the-hills-3bhk-luxury-pool-villa/hotel/lonavala-in.html
166,Le Sutra Great Escapes,3,Villa,Lonavala,Pool,Airbnb,"Le Sutra Geometrica- 3BR Luxe Pool Villa, Lonavala",https://www.airbnb.co.in/rooms/43039748
166,Le Sutra Great Escapes,3,Villa,Lonavala,Pool,Booking.com,StayVista's Le Sutra Great Escapes - Geometrica - 3BHK Villa with Bar,https://www.booking.com/hotel/in/breeze-on-the-hill.html
166,Le Sutra Great Escapes,3,Villa,Lonavala,Pool,MakeMyTrip,StayVista | Le Sutra Great Escapes - Geometrica,https://www.makemytrip.com/hotels/hotel-details/?hotelId=201901161617091478&_uCurrency=INR&checkin=11252025&checkout=11262025&city=CTAGR&country=IN&funnelType=getaway&lat=27.16779&lng=78.04893&locusId=ZNDEL67F7E280&locusType=zone&rank=1&roomStayQualifier=2e0e&seekSummaryRequired=false&viewType=LUXE&mtkeys=defaultMtkey
100,Bungalow 89,4,Villa,Lonavala,Private Pool,Agoda,StayVista at Bungalow 89,https://www.agoda.com/en-in/bungalow-89/hotel/lonavala-in.html
100,Bungalow 89,4,Villa,Lonavala,Private Pool,Airbnb,4BR Scenic View Stay | Bungalow 89 Lonavala,https://www.airbnb.co.in/rooms/39373208
100,Bungalow 89,4,Villa,Lonavala,Private Pool,Booking.com,Bungalow 89 by StayVista - A hill-view villa adorned with eclectic interiors for a truly unique & captivating stay,https://www.booking.com/hotel/in/bungalow-89.html
100,Bungalow 89,4,Villa,Lonavala,Private Pool,MakeMyTrip,StayVista at Bungalow 89,https://www.makemytrip.com/hotels/hotel-details/?hotelId=201911051733158719&_uCurrency=INR&checkin=11252025&checkout=11262025&city=CTAGR&country=IN&funnelType=getaway&lat=27.16779&lng=78.04893&locusId=ZNDEL67F7E280&locusType=zone&rank=1&roomStayQualifier=2e0e&seekSummaryRequired=false&viewType=LUXE&mtkeys=defaultMtkey
288,Shivom  12,3,Villa,Lonavala,"Infinity Pool, Lake View, Bonfire",Agoda,Shivom Villa 12 by Vista Rooms,https://www.agoda.com/en-in/shivom-villa-12-by-vista-rooms/hotel/lonavala-in.html
288,Shivom  12,3,Villa,Lonavala,"Infinity Pool, Lake View, Bonfire",Airbnb,3R Villa w/infinity pool+bonfire-ShivomVilla@Pawna,https://www.airbnb.co.in/rooms/656086305778944797
288,Shivom  12,3,Villa,Lonavala,"Infinity Pool, Lake View, Bonfire",Booking.com,"Shivom Villa 12 - Pawna by Gram's, StayVista - 3BHK with Lake View & Infinity Pool",https://www.booking.com/hotel/in/shivom-villa-12-by-vista-rooms.html
288,Shivom  12,3,Villa,Lonavala,"Infinity Pool, Lake View, Bonfire",MakeMyTrip,StayVista | Shivom Villa 12,https://www.makemytrip.com/hotels/hotel-details/?hotelId=201905251444585405&_uCurrency=INR&checkin=11252025&checkout=11262025&city=CTAGR&country=IN&funnelType=getaway&lat=27.16779&lng=78.04893&locusId=ZNDEL67F7E280&locusType=zone&rank=1&roomStayQualifier=2e0e&seekSummaryRequired=false&viewType=LUXE&mtkeys=defaultMtkey
223,Greenwoods  10,5,Villa,Lonavala,Private Pool,Agoda,Greenwoods Ten by Vista Rooms,https://www.agoda.com/en-in/5bhk-greenwoods-with-pvt-pool-tt-table-games-h10572627/hotel/lonavala-in.html
223,Greenwoods  10,5,Villa,Lonavala,Private Pool,Airbnb,5BR|Pool|StayVista| Greenwoods Villa 10 @Lonavala,https://www.airbnb.co.in/rooms/655495556116702783
223,Greenwoods  10,5,Villa,Lonavala,Private Pool,Booking.com,"StayVista's Greenwoods Villa 10 - City-Center Villa with Private Pool, Terrace, Lift & Carrom Board",https://www.booking.com/hotel/in/greenwoods-villa-10.html
223,Greenwoods  10,5,Villa,Lonavala,Private Pool,MakeMyTrip,StayVista | 5 BHK Greenwoods Ten Villa,https://www.makemytrip.com/hotels/hotel-details/?hotelId=201901161132546958&_uCurrency=INR&checkin=11252025&checkout=11262025&city=CTAGR&country=IN&funnelType=getaway&lat=27.16779&lng=78.04893&locusId=ZNDEL67F7E280&locusType=zone&rank=1&roomStayQualifier=2e0e&seekSummaryRequired=false&viewType=LUXE&mtkeys=defaultMtkey
221,Azul,4,Villa,Lonavala,"Pool, Jacuzzi, Lawn",Agoda,StayVista at Villa Azul,https://www.agoda.com/azul-4bhk-luxury-villa-with-pool-mini-theater/hotel/lonavala-in.html
221,Azul,4,Villa,Lonavala,"Pool, Jacuzzi, Lawn",Airbnb,"4bhk-Pool & Lawn -StayVista@Villa Azul, Lonavala",https://www.airbnb.co.in/rooms/1508607427164556350
221,Azul,4,Villa,Lonavala,"Pool, Jacuzzi, Lawn",Booking.com,StayVista's Villa Azul - 4BHK with Pool Table & Jacuzzi,https://www.booking.com/hotel/in/villa-azul.html
221,Azul,4,Villa,Lonavala,"Pool, Jacuzzi, Lawn",MakeMyTrip,Stayvista | Entire 4 BHK Villa Azul,https://www.makemytrip.com/hotels/hotel-details/?hotelId=201909201732439088&_uCurrency=INR&checkin=11252025&checkout=11262025&city=CTAGR&country=IN&funnelType=getaway&lat=27.16779&lng=78.04893&locusId=ZNDEL67F7E280&locusType=zone&rank=1&roomStayQualifier=2e0e&seekSummaryRequired=false&viewType=LUXE&mtkeys=defaultMtkey
209,Ashore,6,Villa,Goa,Infinity Pool,Agoda,Ashore by Vista Rooms,https://www.agoda.com/en-in/ashore-by-vista-rooms/hotel/goa-in.html
209,Ashore,6,Villa,Goa,Infinity Pool,Airbnb,6BR|Rooftop Pool+Beach View|StayVista| Ashore @Goa,https://www.airbnb.co.in/rooms/669967418523452574
209,Ashore,6,Villa,Goa,Infinity Pool,Booking.com,Ashore By Vista - Morjim by StayVista - 6BHK Beach-View Villa with Infinity Pool,https://www.booking.com/hotel/in/ashore-by-vista.html
209,Ashore,6,Villa,Goa,Infinity Pool,MakeMyTrip,StayVista | Ashore 6 BHK Villa,https://www.makemytrip.com/hotels/hotel-details/?hotelId=201812051412317595&_uCurrency=INR&checkin=11252025&checkout=11262025&city=CTAGR&country=IN&funnelType=getaway&lat=27.16779&lng=78.04893&locusId=ZNDEL67F7E280&locusType=zone&rank=1&roomStayQualifier=2e0e&seekSummaryRequired=false&viewType=LUXE&mtkeys=defaultMtkey
302,Arcadia,3,Villa,Goa,Pool,Agoda,Villa Arcadia by Vista Rooms,https://www.agoda.com/villa-arcadia-by-vista-rooms/hotel/goa-in.html
302,Arcadia,3,Villa,Goa,Pool,Airbnb,3BR|Pvt Pool+Lux|StayVista| Arcadia Villa@Candolim,https://www.airbnb.co.in/rooms/1572932592590491421
302,Arcadia,3,Villa,Goa,Pool,Booking.com,StayVista's Villa Arcadia - Candolim - 3BHK with Pet Friendly & Alfresco Dining,https://www.booking.com/hotel/in/villa-arcadia.html
302,Arcadia,3,Villa,Goa,Pool,MakeMyTrip,StayVista |3 BHK Pool Villa Arcadia,https://www.makemytrip.com/hotels/hotel-details/?hotelId=201909121124584427&_uCurrency=INR&checkin=11252025&checkout=11262025&city=CTAGR&country=IN&funnelType=getaway&lat=27.16779&lng=78.04893&locusId=ZNDEL67F7E280&locusType=zone&rank=1&roomStayQualifier=2e0e&seekSummaryRequired=false&viewType=LUXE&mtkeys=defaultMtkey
220,Meer,6,Villa,Nashik,"Pool, Lake View, Lawn",Agoda,StayVista at Villa Meer,https://www.agoda.com/en-in/5bhk-lake-view-pool-villa-near-sula-wine-tour/hotel/nasik-in.html
220,Meer,6,Villa,Nashik,"Pool, Lake View, Lawn",Airbnb,6BHK-Villa Meer-w/pool & Huge Lawn-Nashik,https://www.airbnb.co.in/rooms/36398399
220,Meer,6,Villa,Nashik,"Pool, Lake View, Lawn",Booking.com,StayVista's Villa Meer - 6BHK with Pet Friendly & Lake View,https://www.booking.com/hotel/in/casa-gris-nashik.html
220,Meer,6,Villa,Nashik,"Pool, Lake View, Lawn",MakeMyTrip,StayVista | Villa Meer,https://www.makemytrip.com/hotels/hotel-details/?hotelId=201901091551135950&_uCurrency=INR&checkin=11252025&checkout=11262025&city=CTAGR&country=IN&funnelType=getaway&lat=27.16779&lng=78.04893&locusId=ZNDEL67F7E280&locusType=zone&rank=1&roomStayQualifier=2e0e&seekSummaryRequired=false&viewType=LUXE&mtkeys=defaultMtkey
256,La Bougainvillea Heritage Home,5,Villa,Goa,Private Pool,Agoda,StayVista at La Bougainvillea Heritage Home,https://www.agoda.com/en-in/la-bougainvillea/hotel/south-goa-in.html
256,La Bougainvillea Heritage Home,5,Villa,Goa,Private Pool,Airbnb,StayVista at La Bougainvillea | Heritage Home,https://www.airbnb.co.in/rooms/549631663649644951
256,La Bougainvillea Heritage Home,5,Villa,Goa,Private Pool,Booking.com,StayVista's La Bougainvillea - Heritage Home - 5BHK Villa with Private Pool & Bathtub,https://www.booking.com/hotel/in/la-bougainvillea.html
256,La Bougainvillea Heritage Home,5,Villa,Goa,Private Pool,MakeMyTrip,StayVista at La Bougainvillea Heritage Home,https://www.makemytrip.com/hotels/hotel-details/?hotelId=201901101503358355&_uCurrency=INR&checkin=11252025&checkout=11262025&city=CTAGR&country=IN&funnelType=getaway&lat=27.16779&lng=78.04893&locusId=ZNDEL67F7E280&locusType=zone&rank=1&roomStayQualifier=2e0e&seekSummaryRequired=false&viewType=LUXE&mtkeys=defaultMtkey
242,Cascades,3,Villa,Lonavala,"Pool, Mountain View, Lawn",Agoda,Cascades by Vista Rooms,https://www.agoda.com/en-in/cascades-by-vista-rooms/hotel/malavli-in.html
242,Cascades,3,Villa,Lonavala,"Pool, Mountain View, Lawn",Airbnb,3R+Pvt Pool+Lawn+StayVista Cascades@Lonavala,https://www.airbnb.co.in/rooms/1421515422003188762
242,Cascades,3,Villa,Lonavala,"Pool, Mountain View, Lawn",Booking.com,"Cascades Villa by VEO, StayVista - 3BHK with Pet Friendly & Mountain View",https://www.booking.com/hotel/in/cascades-by-vista-rooms.html
242,Cascades,3,Villa,Lonavala,"Pool, Mountain View, Lawn",MakeMyTrip,StayVista | Cascades 3 BHK Pool Villa,https://www.makemytrip.com/hotels/hotel-details/?hotelId=201901071709535563&_uCurrency=INR&checkin=11252025&checkout=11262025&city=CTAGR&country=IN&funnelType=getaway&lat=27.16779&lng=78.04893&locusId=ZNDEL67F7E280&locusType=zone&rank=1&roomStayQualifier=2e0e&seekSummaryRequired=false&viewType=LUXE&mtkeys=defaultMtkey
222,Greenwoods  5,5,Villa,Lonavala,"Private Pool, Lawn",Agoda,StayVista at Greenwoods Villa 5,https://www.agoda.com/en-in/5bhk-greenwoods-with-pvt-pool-tt-table-games-h10603209/hotel/lonavala-in.html
222,Greenwoods  5,5,Villa,Lonavala,"Private Pool, Lawn",Airbnb,5BR|Lawn+Pool|StayVista|Greenwoods Villa 5@Lonavla,https://www.airbnb.co.in/rooms/1559185170074047399
222,Greenwoods  5,5,Villa,Lonavala,"Private Pool, Lawn",Booking.com,"StayVista's Greenwoods Villa 5 - City-Center Villa with Private Pool, Terrace, Lift & Music System",https://www.booking.com/hotel/in/greenwoods-villa-5.html
222,Greenwoods  5,5,Villa,Lonavala,"Private Pool, Lawn",MakeMyTrip,StayVista | Greenwoods Five 5 BHK Villa,https://www.makemytrip.com/hotels/hotel-details/?hotelId=201901091559067780&_uCurrency=INR&checkin=11252025&checkout=11262025&city=CTAGR&country=IN&funnelType=getaway&lat=27.16779&lng=78.04893&locusId=ZNDEL67F7E280&locusType=zone&rank=1&roomStayQualifier=2e0e&seekSummaryRequired=false&viewType=LUXE&mtkeys=defaultMtkey
282,The Kathguni,3,Villa,Manali,Lawn,Agoda,StayVista at The Kathguni House,https://www.agoda.com/en-in/the-kathguni-house-by-vista-rooms/hotel/manali-in.html
282,The Kathguni,3,Villa,Manali,Lawn,Airbnb,The Kathguni House | 3BHK Luxury Cottage with Lawn,https://www.airbnb.co.in/rooms/31177522
282,The Kathguni,3,Villa,Manali,Lawn,Booking.com,The Kathguni House by StayVista - Luxury Cottage with Lawn,https://www.booking.com/hotel/in/the-kathguni-house-by-vista-rooms.html
282,The Kathguni,3,Villa,Manali,Lawn,MakeMyTrip,StayVista | Kathguni House 3 BHK Villa,https://www.makemytrip.com/hotels/hotel-details/?hotelId=201903221217588326&_uCurrency=INR&checkin=11252025&checkout=11262025&city=CTAGR&country=IN&funnelType=getaway&lat=27.16779&lng=78.04893&locusId=ZNDEL67F7E280&locusType=zone&rank=1&roomStayQualifier=2e0e&seekSummaryRequired=false&viewType=LUXE&mtkeys=defaultMtkey
317,Shubmann,3,Villa,Wada,"Private Pool, River View",Agoda,StayVista at Shubmann Villa with Pvt Pool & River View,https://www.agoda.com/en-in/shubmann-by-vista-rooms/hotel/mumbai-in.html
317,Shubmann,3,Villa,Wada,"Private Pool, River View",Airbnb,StayVista at Shubmann Villa w / River View - Wada,https://www.airbnb.co.in/rooms/32174190
317,Shubmann,3,Villa,Wada,"Private Pool, River View",Booking.com,StayVista's Shubmann Villa - Wada - 3BHK with River View & Private Pool,https://www.booking.com/hotel/in/shumann-by-vista-rooms-wada.html
317,Shubmann,3,Villa,Wada,"Private Pool, River View",MakeMyTrip,StayVista | Shubmann 3 BHK Villa,https://www.makemytrip.com/hotels/hotel-details/?hotelId=201905211619441589&_uCurrency=INR&checkin=11252025&checkout=11262025&city=CTAGR&country=IN&funnelType=getaway&lat=27.16779&lng=78.04893&locusId=ZNDEL67F7E280&locusType=zone&rank=1&roomStayQualifier=2e0e&seekSummaryRequired=false&viewType=LUXE&mtkeys=defaultMtkey
373,The Hideout Farms,2,Villa,India,Pool,Agoda,StayVista at The Hideout Farms - Kurukshetra,https://www.agoda.com/the-hideout-by-vista-rooms/hotel/kharar-in.html
373,The Hideout Farms,2,Villa,India,Pool,Airbnb,StayVista at The Hideout Farms | 2BR Pool Villa,https://www.airbnb.co.in/rooms/33502735
373,The Hideout Farms,2,Villa,India,Pool,Booking.com,The Hideout Farms - Kurukshetra by StayVista - 2BHK Villa with Swimming Pool & Farm Experience,https://www.booking.com/hotel/in/hideout-by-vista-rooms.html
373,The Hideout Farms,2,Villa,India,Pool,MakeMyTrip,StayVista at The Hideout Farm,https://www.makemytrip.com/hotels/hotel-details/?hotelId=201906281703073304&_uCurrency=INR&checkin=11252025&checkout=11262025&city=CTAGR&country=IN&funnelType=getaway&lat=27.16779&lng=78.04893&locusId=ZNDEL67F7E280&locusType=zone&rank=1&roomStayQualifier=2e0e&seekSummaryRequired=false&viewType=LUXE&mtkeys=defaultMtkey
432,Padam Hill,3,Villa,Kasauli,Bonfire,Agoda,StayVista at Padam Hill,https://www.agoda.com/en-in/padam-hill-by-vista-rooms/hotel/kasauli-in.html
432,Padam Hill,3,Villa,Kasauli,Bonfire,Airbnb,3bhk Heritage Villa in Kasauli w/ Bonfire,https://www.airbnb.co.in/rooms/661373608736527784
432,Padam Hill,3,Villa,Kasauli,Bonfire,Booking.com,StayVista's Padam Hill - 3BHK Pet-Friendly Mountain-View Villa,https://www.booking.com/hotel/in/padam-hill-by-vista-rooms.html
432,Padam Hill,3,Villa,Kasauli,Bonfire,MakeMyTrip,StayVista at Padam Hill,https://www.makemytrip.com/hotels/hotel-details/?hotelId=201906281930462472&_uCurrency=INR&checkin=11252025&checkout=11262025&city=CTAGR&country=IN&funnelType=getaway&lat=27.16779&lng=78.04893&locusId=ZNDEL67F7E280&locusType=zone&rank=1&roomStayQualifier=2e0e&seekSummaryRequired=false&viewType=LUXE&mtkeys=defaultMtkey
187,"Gram's at Shivom, Pawna Lake by",3,Villa,Lonavala,"Pool, Lawn",Agoda,"Gram's at Shivom, Pawna Lake by StayVista",https://www.agoda.com/shivom-villa-3-by-vista-rooms/hotel/lonavala-in.html
187,"Gram's at Shivom, Pawna Lake by",3,Villa,Lonavala,"Pool, Lawn",Airbnb,"Gram's at Shivom, Pawna Lake by StayVista",https://www.airbnb.co.in/rooms/1365044094877344085
187,"Gram's at Shivom, Pawna Lake by",3,Villa,Lonavala,"Pool, Lawn",Booking.com,StayVista's Gram's at Shivom - Pawna - Shared Pool & Lawn,https://www.booking.com/hotel/in/shivom-villa-8.html
187,"Gram's at Shivom, Pawna Lake by",3,Villa,Lonavala,"Pool, Lawn",MakeMyTrip,"Gram's at Shivom, Pawna Lake by StayVista",https://www.makemytrip.com/hotels/hotel-details/?hotelId=202510081720513114&_uCurrency=INR&checkin=11252025&checkout=11262025&city=CTAGR&country=IN&funnelType=getaway&lat=27.16779&lng=78.04893&locusId=ZNDEL67F7E280&locusType=zone&rank=1&roomStayQualifier=2e0e&seekSummaryRequired=false&viewType=LUXE&mtkeys=defaultMtkey
473,The Owl  by VEO,4,House,Jaipur,Lawn,Agoda,The Owl House by VEO - Part of StayVista,https://www.agoda.com/en-in/the-owl-house-by-vista-rooms/hotel/kalwad-kalan-and-khurd-in.html
473,The Owl  by VEO,4,House,Jaipur,Lawn,Airbnb,4BR|Peaceful stay|StayVista| The Owl House @Jaipur,https://www.airbnb.co.in/rooms/35590446
473,The Owl  by VEO,4,House,Jaipur,Lawn,Booking.com,"The Owl House by VEO, StayVista - 4BHK with Pet Friendly & Terrace",https://www.booking.com/hotel/in/the-owl-house-by-vista-rooms-jaipur.html
473,The Owl  by VEO,4,House,Jaipur,Lawn,MakeMyTrip,The Owl House by VEO - Part of StayVista,https://www.makemytrip.com/hotels/hotel-details/?hotelId=201909131841315734&_uCurrency=INR&checkin=11252025&checkout=11262025&city=CTAGR&country=IN&funnelType=getaway&lat=27.16779&lng=78.04893&locusId=ZNDEL67F7E280&locusType=zone&rank=1&roomStayQualifier=2e0e&seekSummaryRequired=false&viewType=LUXE&mtkeys=defaultMtkey
308,Tall Silver,2,Villa,Coorg,Infinity Pool,Agoda,StayVista at Tall Silver,https://www.agoda.com/en-in/tall-silver-by-vista-rooms-h10696433/hotel/coorg-in.html
308,Tall Silver,2,Villa,Coorg,Infinity Pool,Airbnb,2BR| Pool+Brkfst |StayVista| Tall Silver@Karnataka,https://www.airbnb.co.in/rooms/39589386
308,Tall Silver,2,Villa,Coorg,Infinity Pool,Booking.com,StayVista's Tall Silver - 2BHK Forest-View Villa with Infinity Pool,https://www.booking.com/hotel/in/tall-silver-by-vista-rooms.html
308,Tall Silver,2,Villa,Coorg,Infinity Pool,MakeMyTrip,StayVista | Villa Tall Silver,https://www.makemytrip.com/hotels/hotel-details/?hotelId=201904051708438613&_uCurrency=INR&checkin=11252025&checkout=11262025&city=CTAGR&country=IN&funnelType=getaway&lat=27.16779&lng=78.04893&locusId=ZNDEL67F7E280&locusType=zone&rank=1&roomStayQualifier=2e0e&seekSummaryRequired=false&viewType=LUXE&mtkeys=defaultMtkey
423,Mistletoe,6,House,Nainital,"Mountain View, Lawn, Bonfire",Agoda,Mistletoe House by VEO - Part of StayVista,https://www.agoda.com/en-in/mistletoe-house-by-vista-rooms-h10696439/hotel/nainital-in.html
423,Mistletoe,6,House,Nainital,"Mountain View, Lawn, Bonfire",Airbnb,"Bhimtal | 6BR Mistletoe House w/Cook, Wifi & Lawn",https://www.airbnb.co.in/rooms/1734496875518022622
423,Mistletoe,6,House,Nainital,"Mountain View, Lawn, Bonfire",Booking.com,"Mistletoe House by VEO, StayVista - 6BHK with Mountain View & Bonfire",https://www.booking.com/hotel/in/mistletoe-house.html
423,Mistletoe,6,House,Nainital,"Mountain View, Lawn, Bonfire",MakeMyTrip,StayVista | Mistletoe House,https://www.makemytrip.com/hotels/hotel-details/?hotelId=201906281929365708&_uCurrency=INR&checkin=11252025&checkout=11262025&city=CTAGR&country=IN&funnelType=getaway&lat=27.16779&lng=78.04893&locusId=ZNDEL67F7E280&locusType=zone&rank=1&roomStayQualifier=2e0e&seekSummaryRequired=false&viewType=LUXE&mtkeys=defaultMtkey
451,The Lilly Ooty,4,Villa,Ooty,Private Pool,Agoda,StayVista at The Lilly Ooty with Breakfast,https://www.agoda.com/en-in/the-lilly-by-vista-rooms/hotel/ooty-in.html
451,The Lilly Ooty,4,Villa,Ooty,Private Pool,Airbnb,4BR|Majestic Views+Hill|StayVista| The Lilly @Ooty,https://www.airbnb.co.in/rooms/35206601
451,The Lilly Ooty,4,Villa,Ooty,Private Pool,Booking.com,The Lilly by StayVista - 4BHK Mountain-View Villa with Bar,https://www.booking.com/hotel/in/the-lilly-by-vista-rooms.html
451,The Lilly Ooty,4,Villa,Ooty,Private Pool,MakeMyTrip,StayVista | The Lilly 4 BHK Villa,https://www.makemytrip.com/hotels/hotel-details/?hotelId=201906281847298425&_uCurrency=INR&checkin=11252025&checkout=11262025&city=CTAGR&country=IN&funnelType=getaway&lat=27.16779&lng=78.04893&locusId=ZNDEL67F7E280&locusType=zone&rank=1&roomStayQualifier=2e0e&seekSummaryRequired=false&viewType=LUXE&mtkeys=defaultMtkey
357,in the Clouds,3,Cottage,Mussoorie,"Mountain View, BBQ",Agoda,StayVista at Cottage in the Clouds,https://www.agoda.com/en-in/cottage-in-the-clouds-by-vista-rooms/hotel/mussoorie-in.html
357,in the Clouds,3,Cottage,Mussoorie,"Mountain View, BBQ",Airbnb,StayVista at Cottage In The Clouds,https://www.airbnb.co.in/rooms/1734685855226959267
357,in the Clouds,3,Cottage,Mussoorie,"Mountain View, BBQ",Booking.com,Cottage in the Clouds by StayVista - 3BHK with Mountain View & BBQ,https://www.booking.com/hotel/in/cottage-in-the-clouds-by-vista-rooms.html
357,in the Clouds,3,Cottage,Mussoorie,"Mountain View, BBQ",MakeMyTrip,StayVista at Cottage in the Clouds,https://www.makemytrip.com/hotels/hotel-details/?hotelId=201907121635319157&_uCurrency=INR&checkin=11252025&checkout=11262025&city=CTAGR&country=IN&funnelType=getaway&lat=27.16779&lng=78.04893&locusId=ZNDEL67F7E280&locusType=zone&rank=1&roomStayQualifier=2e0e&seekSummaryRequired=false&viewType=LUXE&mtkeys=defaultMtkey
691,Sullivan,5,Villa,Ooty,"Mountain View, BBQ",Agoda,Villa Sullivan by VEO - Part of StayVista,https://www.agoda.com/en-in/villa-sullivan-by-vista-rooms/hotel/ooty-in.html
691,Sullivan,5,Villa,Ooty,"Mountain View, BBQ",Airbnb,5BR| Nature Escape |StayVista| Villa Sullivan@Ooty,https://www.airbnb.co.in/rooms/39188162
691,Sullivan,5,Villa,Ooty,"Mountain View, BBQ",Booking.com,"Villa Sullivan by VEO, StayVista - 5BHK with Mountain View & BBQ",https://www.booking.com/hotel/in/villa-sullivan-by-vista-rooms-ooty.html
691,Sullivan,5,Villa,Ooty,"Mountain View, BBQ",MakeMyTrip,StayVista | Villa Sullivan,https://www.makemytrip.com/hotels/hotel-details/?hotelId=201910191701271659&_uCurrency=INR&checkin=11252025&checkout=11262025&city=CTAGR&country=IN&funnelType=getaway&lat=27.16779&lng=78.04893&locusId=ZNDEL67F7E280&locusType=zone&rank=1&roomStayQualifier=2e0e&seekSummaryRequired=false&viewType=LUXE&mtkeys=defaultMtkey
689,Agastya,3,Villa,India,Mountain View,Agoda,Agastya Villa by VEO - Part of StayVista,https://www.agoda.com/en-in/boutique-homestay-in-heritage-town-of-badami/hotel/badami-in.html
689,Agastya,3,Villa,India,Mountain View,Airbnb,3BR Pet Friendly Villa w/Terrace @Badami Bangalore,https://www.airbnb.co.in/rooms/39009540
689,Agastya,3,Villa,India,Mountain View,Booking.com,"Agastya Villa by VEO, StayVista - 3BHK with Mountain View & Terrace",https://www.booking.com/hotel/in/boutique-homestay-in-heritage-town-of-badami.html
689,Agastya,3,Villa,India,Mountain View,MakeMyTrip,StayVista | Agastya Villa,https://www.makemytrip.com/hotels/hotel-details/?hotelId=201910151517104991&_uCurrency=INR&checkin=11252025&checkout=11262025&city=CTAGR&country=IN&funnelType=getaway&lat=27.16779&lng=78.04893&locusId=ZNDEL67F7E280&locusType=zone&rank=1&roomStayQualifier=2e0e&seekSummaryRequired=false&viewType=LUXE&mtkeys=defaultMtkey
475,Kinara The Luxury Collection,4,Villa,Goa,"Infinity Pool, Jacuzzi",Agoda,StayVista at Villa Kinara The Luxury Collection,https://www.agoda.com/en-in/villa-kinara-by-vista-rooms/hotel/goa-in.html
475,Kinara The Luxury Collection,4,Villa,Goa,"Infinity Pool, Jacuzzi",Airbnb,4BR|Luxury Pool Villa+Beach|StayVista| Kinara @Goa,https://www.airbnb.co.in/rooms/1562970641426659589
475,Kinara The Luxury Collection,4,Villa,Goa,"Infinity Pool, Jacuzzi",Booking.com,Villa Kinara - Reis Magos by StayVista - 4BHK with Infinity Pool & Jacuzzi,https://www.booking.com/hotel/in/villa-kinara-by-vista-rooms.html
475,Kinara The Luxury Collection,4,Villa,Goa,"Infinity Pool, Jacuzzi",MakeMyTrip,StayVista | Villa Kinara,https://www.makemytrip.com/hotels/hotel-details/?hotelId=201907091201503554&_uCurrency=INR&checkin=11252025&checkout=11262025&city=CTAGR&country=IN&funnelType=getaway&lat=27.16779&lng=78.04893&locusId=ZNDEL67F7E280&locusType=zone&rank=1&roomStayQualifier=2e0e&seekSummaryRequired=false&viewType=LUXE&mtkeys=defaultMtkey
536,EL Lodge,3,Villa,Lonavala,Private Pool,Agoda,EL Lodge by StayVista - your perfect getaway,https://www.agoda.com/en-in/el-lodge-by-vista-rooms/hotel/lonavala-in.html
536,EL Lodge,3,Villa,Lonavala,Private Pool,Airbnb,3BR|Garden Pool|StayVista| El Lodge Villa@Lonavala,https://www.airbnb.co.in/rooms/656122526722052274
536,EL Lodge,3,Villa,Lonavala,Private Pool,Booking.com,"EL Lodge by VEO, StayVista - 3BHK Villa with Alfresco Dining & Private Pool",https://www.booking.com/hotel/in/el-lodge-by-vista-rooms.html
536,EL Lodge,3,Villa,Lonavala,Private Pool,MakeMyTrip,StayVista | EL Lodge 3 BHK Pool Villa,https://www.makemytrip.com/hotels/hotel-details/?hotelId=201908281754079648&_uCurrency=INR&checkin=11252025&checkout=11262025&city=CTAGR&country=IN&funnelType=getaway&lat=27.16779&lng=78.04893&locusId=ZNDEL67F7E280&locusType=zone&rank=1&roomStayQualifier=2e0e&seekSummaryRequired=false&viewType=LUXE&mtkeys=defaultMtkey
435,Elevar,5,Villa,Karjat,"Plunge Pool, Mountain View",Agoda,"StayVista's Elevar Villa - Elevate your stay with a Mountain-View, Terrace & Plunge Pool",https://www.agoda.com/en-in/elysium-villa-by-vista-rooms/hotel/karjat-in.html
435,Elevar,5,Villa,Karjat,"Plunge Pool, Mountain View",Airbnb,5BR Pvt Pool | StayVista Elevar Villa | Karjat Gem,https://www.airbnb.co.in/rooms/1294694749244221921
435,Elevar,5,Villa,Karjat,"Plunge Pool, Mountain View",Booking.com,"Elevar Villa by VEO, StayVista - 5BHK with Mountain View & Plunge Pool",https://www.booking.com/hotel/in/elysium-villa-by-vista-rooms.html
435,Elevar,5,Villa,Karjat,"Plunge Pool, Mountain View",MakeMyTrip,StayVista | Elevar 5 BHK Pool Villa,https://www.makemytrip.com/hotels/hotel-details/?hotelId=201907161704288821&_uCurrency=INR&checkin=11252025&checkout=11262025&city=CTAGR&country=IN&funnelType=getaway&lat=27.16779&lng=78.04893&locusId=ZNDEL67F7E280&locusType=zone&rank=1&roomStayQualifier=2e0e&seekSummaryRequired=false&viewType=LUXE&mtkeys=defaultMtkey
695,Maximus,6,Villa,Lonavala,"Pool, Gazebo",Agoda,StayVista at Maximus Villa,https://www.agoda.com/en-in/stayvista-s-maximus-villa-city-center-villa-with-private-pool-gazebo-games-projector-room/hotel/lonavala-in.html
695,Maximus,6,Villa,Lonavala,"Pool, Gazebo",Airbnb,6BR Maximus Villa Lonavala W/Pool,https://www.airbnb.co.in/rooms/656079073576721705
695,Maximus,6,Villa,Lonavala,"Pool, Gazebo",Booking.com,"Maximus Villa by VEO, StayVista - 6BHK with Pool Table & Sauna",https://www.booking.com/hotel/in/kainya-villa-by-vista-rooms.html
695,Maximus,6,Villa,Lonavala,"Pool, Gazebo",MakeMyTrip,StayVista | Maximus Villa,https://www.makemytrip.com/hotels/hotel-details/?hotelId=201910111850106871&_uCurrency=INR&checkin=11252025&checkout=11262025&city=CTAGR&country=IN&funnelType=getaway&lat=27.16779&lng=78.04893&locusId=ZNDEL67F7E280&locusType=zone&rank=1&roomStayQualifier=2e0e&seekSummaryRequired=false&viewType=LUXE&mtkeys=defaultMtkey
318,Nivaant Farms,17,Villa,India,"Pool, Lawn",Agoda,StayVista at Nivaant Farms,https://www.agoda.com/en-in/nivaant-farms-by-vista-rooms/hotel/khopoli-in.html
318,Nivaant Farms,17,Villa,India,"Pool, Lawn",Airbnb,9R+Pool+Lawn+Pickle Court-StayVista@Nivaant Farms.,https://www.airbnb.co.in/rooms/1511993314533246186
318,Nivaant Farms,17,Villa,India,"Pool, Lawn",Booking.com,Nivaant Farms And Cottages by StayVista - 17BHK with Pet Friendly & Pickle Ball,https://www.booking.com/hotel/in/nivaant-farms-by-vista-rooms.html
318,Nivaant Farms,17,Villa,India,"Pool, Lawn",MakeMyTrip,StayVista at Nivaant Farms,https://www.makemytrip.com/hotels/hotel-details/?hotelId=201907161201449124&_uCurrency=INR&checkin=11252025&checkout=11262025&city=CTAGR&country=IN&funnelType=getaway&lat=27.16779&lng=78.04893&locusId=ZNDEL67F7E280&locusType=zone&rank=1&roomStayQualifier=2e0e&seekSummaryRequired=false&viewType=LUXE&mtkeys=defaultMtkey
260,The Verandah,5,Villa,Bhimtal,"Mountain View, BBQ",Agoda,StayVista at The Verandah,https://www.agoda.com/en-in/the-verandah-by-vista-rooms/hotel/harnagar-jangalia-gaon-in.html
260,The Verandah,5,Villa,Bhimtal,"Mountain View, BBQ",Airbnb,5BR|Mountain View|StayVista| The Verandah @Bhimtal,https://www.airbnb.co.in/rooms/8602984
260,The Verandah,5,Villa,Bhimtal,"Mountain View, BBQ",Booking.com,The Verandah by StayVista - 5BHK Mountain-View Villa with BBQ,https://www.booking.com/hotel/in/the-verandah-by-vista-rooms.html
260,The Verandah,5,Villa,Bhimtal,"Mountain View, BBQ",MakeMyTrip,StayVista | The Verandah Villa,https://www.makemytrip.com/hotels/hotel-details/?hotelId=201903191403037812&_uCurrency=INR&checkin=11252025&checkout=11262025&city=CTAGR&country=IN&funnelType=getaway&lat=27.16779&lng=78.04893&locusId=ZNDEL67F7E280&locusType=zone&rank=1&roomStayQualifier=2e0e&seekSummaryRequired=false&viewType=LUXE&mtkeys=defaultMtkey
510,Casa Do Amor,6,Villa,Goa,"Private Pool, Lawn",Agoda,Casa Do Amor with Pvt Pool by StayVista,https://www.agoda.com/en-in/casa-do-amor-by-vista-rooms/hotel/goa-in.html
510,Casa Do Amor,6,Villa,Goa,"Private Pool, Lawn",Airbnb,6BR Pool&Lawn StayVista Casa Do Amor Sangolda Goa!,https://www.airbnb.co.in/rooms/670685178529359163
510,Casa Do Amor,6,Villa,Goa,"Private Pool, Lawn",Booking.com,"Casa Do Amor - Sangolda by VEO, StayVista - 6BHK Pet-Friendly Villa with Private Pool",https://www.booking.com/hotel/in/casa-do-amor-by-vista-rooms.html
510,Casa Do Amor,6,Villa,Goa,"Private Pool, Lawn",MakeMyTrip,StayVista at Casa Do Amor,https://www.makemytrip.com/hotels/hotel-details/?hotelId=201908311328127610&_uCurrency=INR&checkin=11252025&checkout=11262025&city=CTAGR&country=IN&funnelType=getaway&lat=27.16779&lng=78.04893&locusId=ZNDEL67F7E280&locusType=zone&rank=1&roomStayQualifier=2e0e&seekSummaryRequired=false&viewType=LUXE&mtkeys=defaultMtkey
981,Casa Serenity,4,Villa,Lonavala,"Pool, Jacuzzi, Lawn",Agoda,"Casa Serenity by StayVista - Relax with a pool, lawn, and inviting jacuzzi",https://www.agoda.com/en-in/casa-serenity-5br-in-lonavala-by-vista-rooms/hotel/lonavala-in.html
981,Casa Serenity,4,Villa,Lonavala,"Pool, Jacuzzi, Lawn",Airbnb,4BHK Pool & Jacuzzi Villa | Casa Serenity Lonavala,https://www.airbnb.co.in/rooms/655405122230151347
981,Casa Serenity,4,Villa,Lonavala,"Pool, Jacuzzi, Lawn",Booking.com,StayVista's Casa Serenity - 4BHK Pet-Friendly Villa with Jacuzzi,https://www.booking.com/hotel/in/sharma-villa-by-vista-rooms.html
981,Casa Serenity,4,Villa,Lonavala,"Pool, Jacuzzi, Lawn",MakeMyTrip,StayVista | Casa Serenity 4 BHK Villa,https://www.makemytrip.com/hotels/hotel-details/?hotelId=201912261134466732&_uCurrency=INR&checkin=11252025&checkout=11262025&city=CTAGR&country=IN&funnelType=getaway&lat=27.16779&lng=78.04893&locusId=ZNDEL67F7E280&locusType=zone&rank=1&roomStayQualifier=2e0e&seekSummaryRequired=false&viewType=LUXE&mtkeys=defaultMtkey
833,Serene Nook,1,Villa,Wada,Jacuzzi,Agoda,StayVista's Serene Nook - Pet-Friendly Villa with Jacuzzi & Terrace,https://www.agoda.com/sayoung-villa-by-vista-rooms/hotel/vikramgad-in.html
833,Serene Nook,1,Villa,Wada,Jacuzzi,Airbnb,1BR |Luxury Jacuzzi|StayVista| Serene Nook @Wada,https://www.airbnb.co.in/rooms/40042182
833,Serene Nook,1,Villa,Wada,Jacuzzi,Booking.com,"Serene Nook - Wada by VEO, StayVista - 1BHK Pet-Friendly Villa with Jacuzzi",https://www.booking.com/hotel/in/sayoung-villa-by-vista-rooms.html
833,Serene Nook,1,Villa,Wada,Jacuzzi,MakeMyTrip,StayVista | Serene Nook 1 BHK Villa,https://www.makemytrip.com/hotels/hotel-details/?hotelId=201911301503281337&_uCurrency=INR&checkin=11252025&checkout=11262025&city=CTAGR&country=IN&funnelType=getaway&lat=27.16779&lng=78.04893&locusId=ZNDEL67F7E280&locusType=zone&rank=1&roomStayQualifier=2e0e&seekSummaryRequired=false&viewType=LUXE&mtkeys=defaultMtkey
850,Misty Mountains,2,Villa,Kasauli,"Pool, Mountain View",Agoda,StayVista at Misty Mountains Cottage,https://www.agoda.com/en-in/misty-mountains-cottage-by-vista-rooms/hotel/kasauli-in.html
850,Misty Mountains,2,Villa,Kasauli,"Pool, Mountain View",Airbnb,StayVista at Misty Mountains Cottage-2BR Hill View,https://www.airbnb.co.in/rooms/1734474981679841350
850,Misty Mountains,2,Villa,Kasauli,"Pool, Mountain View",Booking.com,StayVista's Misty Mountains Cottage - 2BHK with Mountain View & Pool Table,https://www.booking.com/hotel/in/hillcrest-villa-by-vistarooms.html
850,Misty Mountains,2,Villa,Kasauli,"Pool, Mountain View",MakeMyTrip,StayVista | Misty Mountains 2 BHK Cottage,https://www.makemytrip.com/hotels/hotel-details/?hotelId=202001131110548702&_uCurrency=INR&checkin=11252025&checkout=11262025&city=CTAGR&country=IN&funnelType=getaway&lat=27.16779&lng=78.04893&locusId=ZNDEL67F7E280&locusType=zone&rank=1&roomStayQualifier=2e0e&seekSummaryRequired=false&viewType=LUXE&mtkeys=defaultMtkey
902,Lake Trails,2,Villa,Nainital,"Valley View, Lake View, Bonfire",Agoda,Lake Trails with Beautiful Valley View by StayVista,https://www.agoda.com/singh-and-kapoor-s-villa-by-vista-rooms/hotel/nainital-in.html
902,Lake Trails,2,Villa,Nainital,"Valley View, Lake View, Bonfire",Airbnb,"2BR @ Lake Trails w/Lake View, Cook, Wifi -Bhimtal",https://www.airbnb.co.in/rooms/1527271590474527133
902,Lake Trails,2,Villa,Nainital,"Valley View, Lake View, Bonfire",Booking.com,"Lake Trails by VEO, StayVista - 2BHK Lake-View Villa with EV Station & Bonfire",https://www.booking.com/hotel/in/singh-and-kapoors-villa-by-vista-rooms.html
902,Lake Trails,2,Villa,Nainital,"Valley View, Lake View, Bonfire",MakeMyTrip,StayVista at Lake Trails with Bonfire and Valley View,https://www.makemytrip.com/hotels/hotel-details/?hotelId=201912161130053844&_uCurrency=INR&checkin=11252025&checkout=11262025&city=CTAGR&country=IN&funnelType=getaway&lat=27.16779&lng=78.04893&locusId=ZNDEL67F7E280&locusType=zone&rank=1&roomStayQualifier=2e0e&seekSummaryRequired=false&viewType=LUXE&mtkeys=defaultMtkey
976,Woodside Meadows by VEO,3,Villa,Shimla,Jacuzzi,Agoda,Villa Woodside Meadows by VEO - Part of StayVista,https://www.agoda.com/en-in/villa-woodside-meadows-by-veo-part-of-stayvista-h13753482/hotel/shimla-in.html
976,Woodside Meadows by VEO,3,Villa,Shimla,Jacuzzi,Airbnb,3BR Woodside Meadows Hilltop Cabin with Jacuzzi,https://www.airbnb.co.in/rooms/664836870630358248
976,Woodside Meadows by VEO,3,Villa,Shimla,Jacuzzi,Booking.com,"Villa Woodside Meadows by VEO - Hilltop cabin with Jacuzzi, Kasauli",https://www.booking.com/hotel/in/prem-ashray-by-vista-rooms.html
976,Woodside Meadows by VEO,3,Villa,Shimla,Jacuzzi,MakeMyTrip,Villa Woodside Meadows by VEO - Part of StayVista,https://www.makemytrip.com/hotels/hotel-details/?hotelId=201912231255001694&_uCurrency=INR&checkin=11252025&checkout=11262025&city=CTAGR&country=IN&funnelType=getaway&lat=27.16779&lng=78.04893&locusId=ZNDEL67F7E280&locusType=zone&rank=1&roomStayQualifier=2e0e&seekSummaryRequired=false&viewType=LUXE&mtkeys=defaultMtkey
1017,Davey's Townhouse by VEO,3,Villa,India,Private Pool,Agoda,Davey's Townhouse by VEO - Part of StayVista,https://www.agoda.com/en-in/davey-s-townhouse/hotel/mysore-in.html
1017,Davey's Townhouse by VEO,3,Villa,India,Private Pool,Airbnb,3BR|PetStay+Bfast |StayVista Davey’s House| Mysore,https://www.airbnb.co.in/rooms/40763389
1017,Davey's Townhouse by VEO,3,Villa,India,Private Pool,Booking.com,"Davey's Townhouse by VEO, StayVista - 3BHK Pet-Friendly Villa with EV Station",https://www.booking.com/hotel/in/davey-39-s-townhouse.html
1017,Davey's Townhouse by VEO,3,Villa,India,Private Pool,MakeMyTrip,Davey's Townhouse by VEO - Part of StayVista,https://www.makemytrip.com/hotels/hotel-details/?hotelId=201604291032455936&_uCurrency=INR&checkin=11252025&checkout=11262025&city=CTAGR&country=IN&funnelType=getaway&lat=27.16779&lng=78.04893&locusId=ZNDEL67F7E280&locusType=zone&rank=1&roomStayQualifier=2e0e&seekSummaryRequired=false&viewType=LUXE&mtkeys=defaultMtkey
1140,Destine,2,Cottage,Kasauli,Mountain View,Agoda,StayVista at Destine Cottage,https://www.agoda.com/en-in/destine-cottage-2-br-w-forest-views-in-kasauli/hotel/sankri-in.html
1140,Destine,2,Cottage,Kasauli,Mountain View,Airbnb,2BR|Forest View|StayVista| Destine Cottage@Kasauli,https://www.airbnb.co.in/rooms/1446158152809596745
1140,Destine,2,Cottage,Kasauli,Mountain View,Booking.com,StayVista's Destine Cottage - 2BHK with Mountain View & Terrace,https://www.booking.com/hotel/in/destine-by-vista-rooms.html
1140,Destine,2,Cottage,Kasauli,Mountain View,MakeMyTrip,StayVista at Destine Cottage,https://www.makemytrip.com/hotels/hotel-details/?hotelId=202607081631029235&_uCurrency=INR&checkin=11252025&checkout=11262025&city=CTAGR&country=IN&funnelType=getaway&lat=27.16779&lng=78.04893&locusId=ZNDEL67F7E280&locusType=zone&rank=1&roomStayQualifier=2e0e&seekSummaryRequired=false&viewType=LUXE&mtkeys=defaultMtkey
1194,Solitude in the Woods,4,Villa,India,"Pool, Orchard",Agoda,StayVista at Solitude in the Woods,https://www.agoda.com/en-in/solitude-in-the-woods-by-vista-rooms/hotel/new-delhi-and-ncr-in.html
1194,Solitude in the Woods,4,Villa,India,"Pool, Orchard",Airbnb,"4BR | Solitude in Woods W/ Pool, Kids play area",https://www.airbnb.co.in/rooms/42052074
1194,Solitude in the Woods,4,Villa,India,"Pool, Orchard",Booking.com,Solitude in the Woods by StayVista - Pet Friendly & Orchard,https://www.booking.com/hotel/in/solitude-in-the-woods-by-vista-rooms.html
1194,Solitude in the Woods,4,Villa,India,"Pool, Orchard",MakeMyTrip,StayVista I Solitude in the Woods 2 BHK Villa,https://www.makemytrip.com/hotels/hotel-details/?hotelId=202002131146429624&_uCurrency=INR&checkin=11252025&checkout=11262025&city=CTAGR&country=IN&funnelType=getaway&lat=27.16779&lng=78.04893&locusId=ZNDEL67F7E280&locusType=zone&rank=1&roomStayQualifier=2e0e&seekSummaryRequired=false&viewType=LUXE&mtkeys=defaultMtkey
1196,Novera The Lake,3,Villa,Wayanad,Gazebo,Agoda,StayVista at Novera The Lake Villa,https://www.agoda.com/en-in/novera-by-vista-rooms/hotel/tariyod-in.html
1196,Novera The Lake,3,Villa,Wayanad,Gazebo,Airbnb,3 BHK Luxury Villa w/Scenic View + BKFST @ Wayanad,https://www.airbnb.co.in/rooms/42234446
1196,Novera The Lake,3,Villa,Wayanad,Gazebo,Booking.com,StayVista's Novera - 3BHK Lake-View Villa with Gazebo,https://www.booking.com/hotel/in/novera-by-vista-rooms.html
1196,Novera The Lake,3,Villa,Wayanad,Gazebo,MakeMyTrip,StayVista | Novera Villa,https://www.makemytrip.com/hotels/hotel-details/?hotelId=202002151556328976&_uCurrency=INR&checkin=11252025&checkout=11262025&city=CTAGR&country=IN&funnelType=getaway&lat=27.16779&lng=78.04893&locusId=ZNDEL67F7E280&locusType=zone&rank=1&roomStayQualifier=2e0e&seekSummaryRequired=false&viewType=LUXE&mtkeys=defaultMtkey
722,Escape,3,Villa,India,"Mountain View, Orchard",Agoda,"La Ipsing Farm by StayVista, A heritage property in orchards with Mountain views, featuring Outdoor",https://www.agoda.com/en-in/la-ipsing-farm-by-vista-rooms/hotel/rumtek-in.html
722,Escape,3,Villa,India,"Mountain View, Orchard",Airbnb,3BHK Views+Outdoor Games|StayVista Escape@Samdong,https://www.airbnb.co.in/rooms/673565147964147782
722,Escape,3,Villa,India,"Mountain View, Orchard",Booking.com,"La Ipsing Farm by StayVista - 3 BHK Villa with Balcony, Mountain View, Indoor Games, and Pet Friendly",https://www.booking.com/hotel/in/la-lpsing-farm-by-vista-rooms.html
722,Escape,3,Villa,India,"Mountain View, Orchard",MakeMyTrip,StayVista | La Ipsing Farm 3 BHK Villa,https://www.makemytrip.com/hotels/hotel-details/?hotelId=201910231733437120&_uCurrency=INR&checkin=11252025&checkout=11262025&city=CTAGR&country=IN&funnelType=getaway&lat=27.16779&lng=78.04893&locusId=ZNDEL67F7E280&locusType=zone&rank=1&roomStayQualifier=2e0e&seekSummaryRequired=false&viewType=LUXE&mtkeys=defaultMtkey
687,PleasantVille,4,Villa,India,Lawn,Agoda,StayVista at PleasantVille with Huge Lawn Area,https://www.agoda.com/en-in/pleasantville-by-vista-rooms/hotel/nahan-in.html
687,PleasantVille,4,Villa,India,Lawn,Airbnb,4BR |Mountain Escape|StayVista| PleasantVille @HP,https://www.airbnb.co.in/rooms/39454414
687,PleasantVille,4,Villa,India,Lawn,Booking.com,"PleasantVille - Nahan by VEO, StayVista - 4BHK Mountain-View Villa with Pet Friendly",https://www.booking.com/hotel/in/pleasant-villa-by-vista-rooms.html
687,PleasantVille,4,Villa,India,Lawn,MakeMyTrip,StayVista | PleasantVille 4 BHK Villa,https://www.makemytrip.com/hotels/hotel-details/?hotelId=201910181802126496&_uCurrency=INR&checkin=11252025&checkout=11262025&city=CTAGR&country=IN&funnelType=getaway&lat=27.16779&lng=78.04893&locusId=ZNDEL67F7E280&locusType=zone&rank=1&roomStayQualifier=2e0e&seekSummaryRequired=false&viewType=LUXE&mtkeys=defaultMtkey
