SV_ID,Property_Name,BHK,Property_Type,City,Primary_USP,OTA_Platform,Current_Title,Current_Len,Suggested_Title,Suggested_Len,Limit,Status,Change_Rationale,Listing_URL
75,Princess,3,Villa,Lonavala,Infinity Pool,Agoda,StayVista's Princess - A Villa with Infinity Pool & Breathtaking Views,70,3-Bedroom Princess Villa in Lonavala,36,50,ready_to_sync,Fixed length overflow: was 70/50 chars (truncated in search cards),https://www.agoda.com/en-in/princess-villa-by-vista-rooms/hotel/pune-in.html
75,Princess,3,Villa,Lonavala,Infinity Pool,Airbnb,3BR |Pool+Lawn|StayVista| Princess Villa@Lonavala,49,3BHK Princess • Infinity Pool & Lawn,36,44,ready_to_sync,"Fixed length overflow: was 49/44 chars (truncated in search cards); Removed non-compliant/cluttered characters ('|', '@', '+'); Removed redundant brand name on Airbnb (saves space for top USP)",https://www.airbnb.co.in/rooms/1217140775649212419
75,Princess,3,Villa,Lonavala,Infinity Pool,Booking.com,StayVista's Princess - A Villa with Infinity Pool & Breathtaking Views,70,Princess Villa - 3BHK with Infinity Pool,40,50,ready_to_sync,Fixed length overflow: was 70/50 chars (truncated in search cards),https://www.booking.com/hotel/in/princess-villa-lonavala.html
75,Princess,3,Villa,Lonavala,Infinity Pool,MakeMyTrip,StayVista | Villa Princess,26,3BHK Princess Villa • Infinity Pool • Lonavala,46,50,ready_to_sync,"Removed non-compliant/cluttered characters ('|', '@', '+'); Added prominent BHK prefix for domestic filter matching",https://www.makemytrip.com/hotels/hotel-details/?hotelId=201901091614188386&_uCurrency=INR&checkin=11252025&checkout=11262025&city=CTAGR&country=IN&funnelType=getaway&lat=27.16779&lng=78.04893&locusId=ZNDEL67F7E280&locusType=zone&rank=1&roomStayQualifier=2e0e&seekSummaryRequired=false&viewType=LUXE&mtkeys=defaultMtkey
57,Santoni Farms,3,Villa,Karjat,Pool,Agoda,"StayVista's Santoni Farms - Riverside Bliss with Pool, Orchard & Activities",75,"3-Bedroom Santoni Farms Villa, Karjat w/ Pool",45,50,ready_to_sync,Fixed length overflow: was 75/50 chars (truncated in search cards),https://www.agoda.com/en-in/santoni-farms/hotel/karjat-in.html
57,Santoni Farms,3,Villa,Karjat,Pool,Airbnb,StayVista at Santoni Farms - 3 BR,33,3BHK Santoni Farms • Pool & River View,38,44,ready_to_sync,Removed redundant brand name on Airbnb (saves space for top USP),https://www.airbnb.co.in/rooms/17819849
57,Santoni Farms,3,Villa,Karjat,Pool,Booking.com,"StayVista's Santoni Farms - Riverside Bliss with Pool, Orchard & Activities",75,Santoni Farms Villa by StayVista - 3BHK w/ Pool,47,50,ready_to_sync,Fixed length overflow: was 75/50 chars (truncated in search cards),https://www.booking.com/hotel/in/santoni-farms-karjat.html
57,Santoni Farms,3,Villa,Karjat,Pool,MakeMyTrip,StayVista | Santoni Farms Pool Villa,36,3BHK Santoni Farms Villa • Pool • Karjat,40,50,ready_to_sync,"Removed non-compliant/cluttered characters ('|', '@', '+'); Added prominent BHK prefix for domestic filter matching",https://www.makemytrip.com/hotels/hotel-details/?hotelId=201812311710071317&_uCurrency=INR&checkin=11252025&checkout=11262025&city=CTAGR&country=IN&funnelType=getaway&lat=27.16779&lng=78.04893&locusId=ZNDEL67F7E280&locusType=zone&rank=1&roomStayQualifier=2e0e&seekSummaryRequired=false&viewType=LUXE&mtkeys=defaultMtkey
29,Serene,3,Villa,Karjat,Plunge Pool,Agoda,Serene Villa by StayVista - A Hill-View Villa with Plunge pool,62,"3-Bedroom Serene Villa, Karjat w/ Plunge Pool",45,50,ready_to_sync,Fixed length overflow: was 62/50 chars (truncated in search cards),https://www.agoda.com/en-in/serene-by-vista-rooms/hotel/karjat-in.html
29,Serene,3,Villa,Karjat,Plunge Pool,Airbnb,StayVista at Serene w/ Pool - Karjat,36,3BHK Serene Villa w/ Plunge Pool,32,44,ready_to_sync,Removed redundant brand name on Airbnb (saves space for top USP),https://www.airbnb.co.in/rooms/1588364350289160966
29,Serene,3,Villa,Karjat,Plunge Pool,Booking.com,Serene Villa by StayVista - A Hill-View Villa with Plunge pool,62,Serene Villa by StayVista - 3BHK w/ Plunge Pool,47,50,ready_to_sync,Fixed length overflow: was 62/50 chars (truncated in search cards),https://www.booking.com/hotel/in/3bhk-villa-in-karjat.html
29,Serene,3,Villa,Karjat,Plunge Pool,MakeMyTrip,StayVista | Vista Serene 3 BHK Villa,36,3BHK Serene Villa • Plunge Pool • Karjat,40,50,ready_to_sync,"Removed non-compliant/cluttered characters ('|', '@', '+')",https://www.makemytrip.com/hotels/hotel-details/?hotelId=202104011946227630&_uCurrency=INR&checkin=11252025&checkout=11262025&city=CTAGR&country=IN&funnelType=getaway&lat=27.16779&lng=78.04893&locusId=ZNDEL67F7E280&locusType=zone&rank=1&roomStayQualifier=2e0e&seekSummaryRequired=false&viewType=LUXE&mtkeys=defaultMtkey
125,La Petite Maison,3,Villa,Lonavala,Mountain View,Agoda,StayVista at La Petite Maison,29,3-Bedroom La Petite Maison Villa in Lonavala,44,50,ready_to_sync,Structured into clean standard formula: Size + Name + USP + Location,https://www.agoda.com/en-in/la-petite-maison/hotel/lonavala-in.html
125,La Petite Maison,3,Villa,Lonavala,Mountain View,Airbnb,3BR Mountain View | StayVista La Petite | Lonavala,50,3BHK La Petite Maison Villa w/ Mountain View,44,44,ready_to_sync,"Fixed length overflow: was 50/44 chars (truncated in search cards); Removed non-compliant/cluttered characters ('|', '@', '+'); Removed redundant brand name on Airbnb (saves space for top USP)",https://www.airbnb.co.in/rooms/22575625
125,La Petite Maison,3,Villa,Lonavala,Mountain View,Booking.com,"La Petite Maison Villa by VEO, StayVista - 3BHK with Valley View & Lawn",71,La Petite Maison Villa - 3BHK with Mountain View,48,50,ready_to_sync,Fixed length overflow: was 71/50 chars (truncated in search cards),https://www.booking.com/hotel/in/la-petite-maison.html
125,La Petite Maison,3,Villa,Lonavala,Mountain View,MakeMyTrip,StayVista | La Petite Maison 3 BHK Villa,40,3BHK La Petite Maison • Mountain View • Lonavala,48,50,ready_to_sync,"Removed non-compliant/cluttered characters ('|', '@', '+')",https://www.makemytrip.com/hotels/hotel-details/?hotelId=201802131542209732&_uCurrency=INR&checkin=11252025&checkout=11262025&city=CTAGR&country=IN&funnelType=getaway&lat=27.16779&lng=78.04893&locusId=ZNDEL67F7E280&locusType=zone&rank=1&roomStayQualifier=2e0e&seekSummaryRequired=false&viewType=LUXE&mtkeys=defaultMtkey
121,Stone  Bezze,2,House,Nashik,Mountain View,Agoda,Stone House Bezze by StayVista with Lake view & Lawn - your perfect getaway,75,2-Bedroom Stone  Bezze House in Nashik,38,50,ready_to_sync,Fixed length overflow: was 75/50 chars (truncated in search cards),https://www.agoda.com/en-in/the-stone-house-2bhk-w-jacuzzi-near-sula-vineyards/hotel/nasik-in.html
121,Stone  Bezze,2,House,Nashik,Mountain View,Airbnb,2BR StayVista Stone House Bezze@Nashik,38,2BHK Stone  Bezze House w/ Mountain View,40,44,ready_to_sync,"Removed non-compliant/cluttered characters ('|', '@', '+'); Removed redundant brand name on Airbnb (saves space for top USP)",https://www.airbnb.co.in/rooms/23407148
121,Stone  Bezze,2,House,Nashik,Mountain View,Booking.com,"The Stone House in Beze by VEO, StayVista - 2BHK with Mountain View & Bonfire",77,Stone  Bezze House - 2BHK with Mountain View,44,50,ready_to_sync,Fixed length overflow: was 77/50 chars (truncated in search cards),https://www.booking.com/hotel/in/beze-the-stone-house-nashik.html
121,Stone  Bezze,2,House,Nashik,Mountain View,MakeMyTrip,StayVista | The Stone House In Beze,35,2BHK Stone  Bezze House • Mountain View • Nashik,48,50,ready_to_sync,"Removed non-compliant/cluttered characters ('|', '@', '+'); Added prominent BHK prefix for domestic filter matching",https://www.makemytrip.com/hotels/hotel-details/?hotelId=201901141906422989&_uCurrency=INR&checkin=11252025&checkout=11262025&city=CTAGR&country=IN&funnelType=getaway&lat=27.16779&lng=78.04893&locusId=ZNDEL67F7E280&locusType=zone&rank=1&roomStayQualifier=2e0e&seekSummaryRequired=false&viewType=LUXE&mtkeys=defaultMtkey
150,Moksh,4,Villa,India,Jacuzzi,Agoda,StayVista at Moksh Villa - BBQ & Jacuzzi,40,"4-Bedroom Moksh Villa, India w/ Jacuzzi",39,50,ready_to_sync,Structured into clean standard formula: Size + Name + USP + Location,https://www.agoda.com/en-in/moksh/hotel/zirad-in.html
150,Moksh,4,Villa,India,Jacuzzi,Airbnb,StayVista at Moksh Villa - 4BR -Jacuzzi & TT Table,50,4BHK Moksh • Jacuzzi & BBQ,26,44,ready_to_sync,Fixed length overflow: was 50/44 chars (truncated in search cards); Removed redundant brand name on Airbnb (saves space for top USP),https://www.airbnb.co.in/rooms/1730870489567411287
150,Moksh,4,Villa,India,Jacuzzi,Booking.com,StayVista's Moksh Villa - 4BHK with Pickle Ball & Sauna,55,Moksh Villa by StayVista - 4BHK w/ Jacuzzi,42,50,ready_to_sync,Fixed length overflow: was 55/50 chars (truncated in search cards),https://www.booking.com/hotel/in/vista-moksh-villa.html
150,Moksh,4,Villa,India,Jacuzzi,MakeMyTrip,StayVista | Moksh 4 BHK Villa,29,4BHK Moksh Villa • Jacuzzi • India,34,50,ready_to_sync,"Removed non-compliant/cluttered characters ('|', '@', '+')",https://www.makemytrip.com/hotels/hotel-details/?hotelId=201901101244594913&_uCurrency=INR&checkin=11252025&checkout=11262025&city=CTAGR&country=IN&funnelType=getaway&lat=27.16779&lng=78.04893&locusId=ZNDEL67F7E280&locusType=zone&rank=1&roomStayQualifier=2e0e&seekSummaryRequired=false&viewType=LUXE&mtkeys=defaultMtkey
107,EL,4,Villa,Lonavala,Pool,Agoda,El House by StayVista - Unwind in a Villa w/ Pool,49,"4-Bedroom EL Villa, Lonavala w/ Pool",36,50,ready_to_sync,Structured into clean standard formula: Size + Name + USP + Location,https://www.agoda.com/en-in/el-house-by-vista-rooms/hotel/lonavala-in.html
107,EL,4,Villa,Lonavala,Pool,Airbnb,4bhk- Pvt Pool+Lawn-El House @Lonavala,38,4BHK EL • Pool & Lawn,21,44,ready_to_sync,"Removed non-compliant/cluttered characters ('|', '@', '+')",https://www.airbnb.co.in/rooms/23135024
107,EL,4,Villa,Lonavala,Pool,Booking.com,El House by StayVista - Unwind in a Villa with Pool and Lush Lawn,65,EL Villa by StayVista - 4BHK w/ Pool,36,50,ready_to_sync,Fixed length overflow: was 65/50 chars (truncated in search cards),https://www.booking.com/hotel/in/el-house-by-vista.html
107,EL,4,Villa,Lonavala,Pool,MakeMyTrip,StayVista | EL House 4 BHK Villa,32,4BHK EL Villa • Pool • Lonavala,31,50,ready_to_sync,"Removed non-compliant/cluttered characters ('|', '@', '+')",https://www.makemytrip.com/hotels/hotel-details/?hotelId=201901091226204920&_uCurrency=INR&checkin=11252025&checkout=11262025&city=CTAGR&country=IN&funnelType=getaway&lat=27.16779&lng=78.04893&locusId=ZNDEL67F7E280&locusType=zone&rank=1&roomStayQualifier=2e0e&seekSummaryRequired=false&viewType=LUXE&mtkeys=defaultMtkey
142,Retreat on Cloud 9 Homestay,2,Villa,Lonavala,Orchard,Agoda,Cosy Homestay by StayVista - A Tranquil Retreat on Cloud 9,58,2-Bedroom Villa in Lonavala w/ Orchard,38,50,ready_to_sync,Fixed length overflow: was 58/50 chars (truncated in search cards),https://www.agoda.com/en-in/retreat-on-cloud-9-by-vista-rooms/hotel/lonavala-in.html
142,Retreat on Cloud 9 Homestay,2,Villa,Lonavala,Orchard,Airbnb,Retreat on Cloud 9 Homestay with Vintage rooms,46,2BHK Retreat on Cloud 9 Homestay w/ Orchard,43,44,ready_to_sync,Fixed length overflow: was 46/44 chars (truncated in search cards),https://www.airbnb.co.in/rooms/24479920
142,Retreat on Cloud 9 Homestay,2,Villa,Lonavala,Orchard,Booking.com,StayVista's Retreat on Cloud 9 Homestay - 2BHK Mountain-View Homestay with Orchard,82,Retreat on Cloud 9 Homestay by StayVista - 2BHK Or,50,50,ready_to_sync,Fixed length overflow: was 82/50 chars (truncated in search cards),https://www.booking.com/hotel/in/retreat-on-cloud-9-lonavala.html
142,Retreat on Cloud 9 Homestay,2,Villa,Lonavala,Orchard,MakeMyTrip,StayVista | 2 BHK Retreat On Cloud 9 Villa,42,2BHK Villa • Orchard • Lonavala,31,50,ready_to_sync,"Removed non-compliant/cluttered characters ('|', '@', '+')",https://www.makemytrip.com/hotels/hotel-details/?hotelId=201901091424516381&_uCurrency=INR&checkin=11252025&checkout=11262025&city=CTAGR&country=IN&funnelType=getaway&lat=27.16779&lng=78.04893&locusId=ZNDEL67F7E280&locusType=zone&rank=1&roomStayQualifier=2e0e&seekSummaryRequired=false&viewType=LUXE&mtkeys=defaultMtkey
462,Casa del Verde,4,Villa,Alibaug,Private Pool,Agoda,StayVista at Casa del Verde,27,4-Bedroom Casa del Verde Villa in Alibaug,41,50,ready_to_sync,Structured into clean standard formula: Size + Name + USP + Location,https://www.agoda.com/4bhk-private-pool-near-sula-vineyards/hotel/alibaug-in.html
462,Casa del Verde,4,Villa,Alibaug,Private Pool,Airbnb,"4BR- @Casa Del Verde, w/pool, lawn &bonfire",43,4BHK Casa del Verde • Private Pool & Lawn,41,44,ready_to_sync,"Removed non-compliant/cluttered characters ('|', '@', '+')",https://www.airbnb.co.in/rooms/35356405
462,Casa del Verde,4,Villa,Alibaug,Private Pool,Booking.com,StayVista's Casa Del Verde - 4BHK Mountain-View Villa with Private Pool,71,Casa del Verde Villa - 4BHK with Private Pool,45,50,ready_to_sync,Fixed length overflow: was 71/50 chars (truncated in search cards),https://www.booking.com/hotel/in/casa-del-verde-by-vista-rooms.html
462,Casa del Verde,4,Villa,Alibaug,Private Pool,MakeMyTrip,StayVista | Casa Del Verde 4 BHK Villa,38,4BHK Casa del Verde Villa • Private Pool • Alibaug,50,50,ready_to_sync,"Removed non-compliant/cluttered characters ('|', '@', '+')",https://www.makemytrip.com/hotels/hotel-details/?hotelId=201906281817296202&_uCurrency=INR&checkin=11252025&checkout=11262025&city=CTAGR&country=IN&funnelType=getaway&lat=27.16779&lng=78.04893&locusId=ZNDEL67F7E280&locusType=zone&rank=1&roomStayQualifier=2e0e&seekSummaryRequired=false&viewType=LUXE&mtkeys=defaultMtkey
166,Le Sutra Great Escapes,3,Villa,Lonavala,Pool,Agoda,StayVista's Le Sutra Great Escapes - Geometrica,47,3-Bedroom Le Sutra Great Escapes Villa in Lonavala,50,50,ready_to_sync,Structured into clean standard formula: Size + Name + USP + Location,https://www.agoda.com/en-in/breeze-in-the-hills-3bhk-luxury-pool-villa/hotel/lonavala-in.html
166,Le Sutra Great Escapes,3,Villa,Lonavala,Pool,Airbnb,"Le Sutra Geometrica- 3BR Luxe Pool Villa, Lonavala",50,3BHK Le Sutra Great Escapes Villa w/ Pool,41,44,ready_to_sync,Fixed length overflow: was 50/44 chars (truncated in search cards),https://www.airbnb.co.in/rooms/43039748
166,Le Sutra Great Escapes,3,Villa,Lonavala,Pool,Booking.com,StayVista's Le Sutra Great Escapes - Geometrica - 3BHK Villa with Bar,69,Le Sutra Great Escapes Villa - 3BHK with Pool,45,50,ready_to_sync,Fixed length overflow: was 69/50 chars (truncated in search cards),https://www.booking.com/hotel/in/breeze-on-the-hill.html
166,Le Sutra Great Escapes,3,Villa,Lonavala,Pool,MakeMyTrip,StayVista | Le Sutra Great Escapes - Geometrica,47,3BHK Le Sutra Great Escapes • Pool • Lonavala,45,50,ready_to_sync,"Removed non-compliant/cluttered characters ('|', '@', '+'); Added prominent BHK prefix for domestic filter matching",https://www.makemytrip.com/hotels/hotel-details/?hotelId=201901161617091478&_uCurrency=INR&checkin=11252025&checkout=11262025&city=CTAGR&country=IN&funnelType=getaway&lat=27.16779&lng=78.04893&locusId=ZNDEL67F7E280&locusType=zone&rank=1&roomStayQualifier=2e0e&seekSummaryRequired=false&viewType=LUXE&mtkeys=defaultMtkey
100,Bungalow 89,4,Villa,Lonavala,Private Pool,Agoda,StayVista at Bungalow 89,24,4-Bedroom Bungalow 89 Villa in Lonavala,39,50,ready_to_sync,Structured into clean standard formula: Size + Name + USP + Location,https://www.agoda.com/en-in/bungalow-89/hotel/lonavala-in.html
100,Bungalow 89,4,Villa,Lonavala,Private Pool,Airbnb,4BR Scenic View Stay | Bungalow 89 Lonavala,43,4BHK Bungalow 89 Villa w/ Private Pool,38,44,ready_to_sync,"Removed non-compliant/cluttered characters ('|', '@', '+')",https://www.airbnb.co.in/rooms/39373208
100,Bungalow 89,4,Villa,Lonavala,Private Pool,Booking.com,Bungalow 89 by StayVista - A hill-view villa adorned with eclectic interiors for a truly unique & captivating stay,114,Bungalow 89 Villa - 4BHK with Private Pool,42,50,ready_to_sync,Fixed length overflow: was 114/50 chars (truncated in search cards),https://www.booking.com/hotel/in/bungalow-89.html
100,Bungalow 89,4,Villa,Lonavala,Private Pool,MakeMyTrip,StayVista at Bungalow 89,24,4BHK Bungalow 89 Villa • Private Pool • Lonavala,48,50,ready_to_sync,Added prominent BHK prefix for domestic filter matching,https://www.makemytrip.com/hotels/hotel-details/?hotelId=201911051733158719&_uCurrency=INR&checkin=11252025&checkout=11262025&city=CTAGR&country=IN&funnelType=getaway&lat=27.16779&lng=78.04893&locusId=ZNDEL67F7E280&locusType=zone&rank=1&roomStayQualifier=2e0e&seekSummaryRequired=false&viewType=LUXE&mtkeys=defaultMtkey
288,Shivom  12,3,Villa,Lonavala,Infinity Pool,Agoda,Shivom Villa 12 by Vista Rooms,30,3-Bedroom Shivom  12 Villa in Lonavala,38,50,ready_to_sync,Structured into clean standard formula: Size + Name + USP + Location,https://www.agoda.com/en-in/shivom-villa-12-by-vista-rooms/hotel/lonavala-in.html
288,Shivom  12,3,Villa,Lonavala,Infinity Pool,Airbnb,3R Villa w/infinity pool+bonfire-ShivomVilla@Pawna,50,3BHK Shivom  12 • Infinity Pool & Lake View,43,44,ready_to_sync,"Fixed length overflow: was 50/44 chars (truncated in search cards); Removed non-compliant/cluttered characters ('|', '@', '+')",https://www.airbnb.co.in/rooms/656086305778944797
288,Shivom  12,3,Villa,Lonavala,Infinity Pool,Booking.com,"Shivom Villa 12 - Pawna by Gram's, StayVista - 3BHK with Lake View & Infinity Pool",82,Shivom  12 Villa - 3BHK with Infinity Pool,42,50,ready_to_sync,Fixed length overflow: was 82/50 chars (truncated in search cards),https://www.booking.com/hotel/in/shivom-villa-12-by-vista-rooms.html
288,Shivom  12,3,Villa,Lonavala,Infinity Pool,MakeMyTrip,StayVista | Shivom Villa 12,27,3BHK Shivom  12 Villa • Infinity Pool • Lonavala,48,50,ready_to_sync,"Removed non-compliant/cluttered characters ('|', '@', '+'); Added prominent BHK prefix for domestic filter matching",https://www.makemytrip.com/hotels/hotel-details/?hotelId=201905251444585405&_uCurrency=INR&checkin=11252025&checkout=11262025&city=CTAGR&country=IN&funnelType=getaway&lat=27.16779&lng=78.04893&locusId=ZNDEL67F7E280&locusType=zone&rank=1&roomStayQualifier=2e0e&seekSummaryRequired=false&viewType=LUXE&mtkeys=defaultMtkey
223,Greenwoods  10,5,Villa,Lonavala,Private Pool,Agoda,Greenwoods Ten by Vista Rooms,29,5-Bedroom Greenwoods  10 Villa in Lonavala,42,50,ready_to_sync,Structured into clean standard formula: Size + Name + USP + Location,https://www.agoda.com/en-in/5bhk-greenwoods-with-pvt-pool-tt-table-games-h10572627/hotel/lonavala-in.html
223,Greenwoods  10,5,Villa,Lonavala,Private Pool,Airbnb,5BR|Pool|StayVista| Greenwoods Villa 10 @Lonavala,49,5BHK Greenwoods  10 Villa w/ Private Pool,41,44,ready_to_sync,"Fixed length overflow: was 49/44 chars (truncated in search cards); Removed non-compliant/cluttered characters ('|', '@', '+'); Removed redundant brand name on Airbnb (saves space for top USP)",https://www.airbnb.co.in/rooms/655495556116702783
223,Greenwoods  10,5,Villa,Lonavala,Private Pool,Booking.com,"StayVista's Greenwoods Villa 10 - City-Center Villa with Private Pool, Terrace, Lift & Carrom Board",99,Greenwoods  10 Villa - 5BHK with Private Pool,45,50,ready_to_sync,Fixed length overflow: was 99/50 chars (truncated in search cards),https://www.booking.com/hotel/in/greenwoods-villa-10.html
223,Greenwoods  10,5,Villa,Lonavala,Private Pool,MakeMyTrip,StayVista | 5 BHK Greenwoods Ten Villa,38,5BHK Greenwoods  10 • Private Pool • Lonavala,45,50,ready_to_sync,"Removed non-compliant/cluttered characters ('|', '@', '+')",https://www.makemytrip.com/hotels/hotel-details/?hotelId=201901161132546958&_uCurrency=INR&checkin=11252025&checkout=11262025&city=CTAGR&country=IN&funnelType=getaway&lat=27.16779&lng=78.04893&locusId=ZNDEL67F7E280&locusType=zone&rank=1&roomStayQualifier=2e0e&seekSummaryRequired=false&viewType=LUXE&mtkeys=defaultMtkey
221,Azul,4,Villa,Lonavala,Pool,Agoda,StayVista at Villa Azul,23,"4-Bedroom Azul Villa, Lonavala w/ Pool",38,50,ready_to_sync,Structured into clean standard formula: Size + Name + USP + Location,https://www.agoda.com/azul-4bhk-luxury-villa-with-pool-mini-theater/hotel/lonavala-in.html
221,Azul,4,Villa,Lonavala,Pool,Airbnb,"4bhk-Pool & Lawn -StayVista@Villa Azul, Lonavala",48,4BHK Azul • Pool & Jacuzzi,26,44,ready_to_sync,"Fixed length overflow: was 48/44 chars (truncated in search cards); Removed non-compliant/cluttered characters ('|', '@', '+'); Removed redundant brand name on Airbnb (saves space for top USP)",https://www.airbnb.co.in/rooms/1508607427164556350
221,Azul,4,Villa,Lonavala,Pool,Booking.com,StayVista's Villa Azul - 4BHK with Pool Table & Jacuzzi,55,Azul Villa by StayVista - 4BHK w/ Pool,38,50,ready_to_sync,Fixed length overflow: was 55/50 chars (truncated in search cards),https://www.booking.com/hotel/in/villa-azul.html
221,Azul,4,Villa,Lonavala,Pool,MakeMyTrip,Stayvista | Entire 4 BHK Villa Azul,35,4BHK Azul Villa • Pool • Lonavala,33,50,ready_to_sync,"Removed non-compliant/cluttered characters ('|', '@', '+')",https://www.makemytrip.com/hotels/hotel-details/?hotelId=201909201732439088&_uCurrency=INR&checkin=11252025&checkout=11262025&city=CTAGR&country=IN&funnelType=getaway&lat=27.16779&lng=78.04893&locusId=ZNDEL67F7E280&locusType=zone&rank=1&roomStayQualifier=2e0e&seekSummaryRequired=false&viewType=LUXE&mtkeys=defaultMtkey
209,Ashore,6,Villa,Goa,Infinity Pool,Agoda,Ashore by Vista Rooms,21,"6-Bedroom Ashore Villa, Goa w/ Infinity Pool",44,50,ready_to_sync,Structured into clean standard formula: Size + Name + USP + Location,https://www.agoda.com/en-in/ashore-by-vista-rooms/hotel/goa-in.html
209,Ashore,6,Villa,Goa,Infinity Pool,Airbnb,6BR|Rooftop Pool+Beach View|StayVista| Ashore @Goa,50,6BHK Ashore Villa w/ Infinity Pool,34,44,ready_to_sync,"Fixed length overflow: was 50/44 chars (truncated in search cards); Removed non-compliant/cluttered characters ('|', '@', '+'); Removed redundant brand name on Airbnb (saves space for top USP)",https://www.airbnb.co.in/rooms/669967418523452574
209,Ashore,6,Villa,Goa,Infinity Pool,Booking.com,Ashore By Vista - Morjim by StayVista - 6BHK Beach-View Villa with Infinity Pool,80,Ashore Villa by StayVista - 6BHK w/ Infinity Pool,49,50,ready_to_sync,Fixed length overflow: was 80/50 chars (truncated in search cards),https://www.booking.com/hotel/in/ashore-by-vista.html
209,Ashore,6,Villa,Goa,Infinity Pool,MakeMyTrip,StayVista | Ashore 6 BHK Villa,30,6BHK Ashore Villa • Infinity Pool • Goa,39,50,ready_to_sync,"Removed non-compliant/cluttered characters ('|', '@', '+')",https://www.makemytrip.com/hotels/hotel-details/?hotelId=201812051412317595&_uCurrency=INR&checkin=11252025&checkout=11262025&city=CTAGR&country=IN&funnelType=getaway&lat=27.16779&lng=78.04893&locusId=ZNDEL67F7E280&locusType=zone&rank=1&roomStayQualifier=2e0e&seekSummaryRequired=false&viewType=LUXE&mtkeys=defaultMtkey
302,Arcadia,3,Villa,Goa,Pool,Agoda,Villa Arcadia by Vista Rooms,28,"3-Bedroom Arcadia Villa, Goa w/ Pool",36,50,ready_to_sync,Structured into clean standard formula: Size + Name + USP + Location,https://www.agoda.com/villa-arcadia-by-vista-rooms/hotel/goa-in.html
302,Arcadia,3,Villa,Goa,Pool,Airbnb,3BR|Pvt Pool+Lux|StayVista| Arcadia Villa@Candolim,50,3BHK Arcadia Villa w/ Pool,26,44,ready_to_sync,"Fixed length overflow: was 50/44 chars (truncated in search cards); Removed non-compliant/cluttered characters ('|', '@', '+'); Removed redundant brand name on Airbnb (saves space for top USP)",https://www.airbnb.co.in/rooms/1572932592590491421
302,Arcadia,3,Villa,Goa,Pool,Booking.com,StayVista's Villa Arcadia - Candolim - 3BHK with Pet Friendly & Alfresco Dining,79,Arcadia Villa by StayVista - 3BHK w/ Pool,41,50,ready_to_sync,Fixed length overflow: was 79/50 chars (truncated in search cards),https://www.booking.com/hotel/in/villa-arcadia.html
302,Arcadia,3,Villa,Goa,Pool,MakeMyTrip,StayVista |3 BHK Pool Villa Arcadia,35,3BHK Arcadia Villa • Pool • Goa,31,50,ready_to_sync,"Removed non-compliant/cluttered characters ('|', '@', '+')",https://www.makemytrip.com/hotels/hotel-details/?hotelId=201909121124584427&_uCurrency=INR&checkin=11252025&checkout=11262025&city=CTAGR&country=IN&funnelType=getaway&lat=27.16779&lng=78.04893&locusId=ZNDEL67F7E280&locusType=zone&rank=1&roomStayQualifier=2e0e&seekSummaryRequired=false&viewType=LUXE&mtkeys=defaultMtkey
220,Meer,6,Villa,Nashik,Pool,Agoda,StayVista at Villa Meer,23,"6-Bedroom Meer Villa, Nashik w/ Pool",36,50,ready_to_sync,Structured into clean standard formula: Size + Name + USP + Location,https://www.agoda.com/en-in/5bhk-lake-view-pool-villa-near-sula-wine-tour/hotel/nasik-in.html
220,Meer,6,Villa,Nashik,Pool,Airbnb,6BHK-Villa Meer-w/pool & Huge Lawn-Nashik,41,6BHK Meer • Pool & Lake View,28,44,ready_to_sync,Structured into clean standard formula: Size + Name + USP + Location,https://www.airbnb.co.in/rooms/36398399
220,Meer,6,Villa,Nashik,Pool,Booking.com,StayVista's Villa Meer - 6BHK with Pet Friendly & Lake View,59,Meer Villa by StayVista - 6BHK w/ Pool,38,50,ready_to_sync,Fixed length overflow: was 59/50 chars (truncated in search cards),https://www.booking.com/hotel/in/casa-gris-nashik.html
220,Meer,6,Villa,Nashik,Pool,MakeMyTrip,StayVista | Villa Meer,22,6BHK Meer Villa • Pool • Nashik,31,50,ready_to_sync,"Removed non-compliant/cluttered characters ('|', '@', '+'); Added prominent BHK prefix for domestic filter matching",https://www.makemytrip.com/hotels/hotel-details/?hotelId=201901091551135950&_uCurrency=INR&checkin=11252025&checkout=11262025&city=CTAGR&country=IN&funnelType=getaway&lat=27.16779&lng=78.04893&locusId=ZNDEL67F7E280&locusType=zone&rank=1&roomStayQualifier=2e0e&seekSummaryRequired=false&viewType=LUXE&mtkeys=defaultMtkey
256,La Bougainvillea Heritage Home,5,Villa,Goa,Private Pool,Agoda,StayVista at La Bougainvillea Heritage Home,43,5-Bedroom Villa in Goa w/ Private Pool,38,50,ready_to_sync,Structured into clean standard formula: Size + Name + USP + Location,https://www.agoda.com/en-in/la-bougainvillea/hotel/south-goa-in.html
256,La Bougainvillea Heritage Home,5,Villa,Goa,Private Pool,Airbnb,StayVista at La Bougainvillea | Heritage Home,45,5BHK Villa w/ Private Pool,26,44,ready_to_sync,"Fixed length overflow: was 45/44 chars (truncated in search cards); Removed non-compliant/cluttered characters ('|', '@', '+'); Removed redundant brand name on Airbnb (saves space for top USP)",https://www.airbnb.co.in/rooms/549631663649644951
256,La Bougainvillea Heritage Home,5,Villa,Goa,Private Pool,Booking.com,StayVista's La Bougainvillea - Heritage Home - 5BHK Villa with Private Pool & Bathtub,85,La Bougainvillea Heritage Home by StayVista - 5BHK,50,50,ready_to_sync,Fixed length overflow: was 85/50 chars (truncated in search cards),https://www.booking.com/hotel/in/la-bougainvillea.html
256,La Bougainvillea Heritage Home,5,Villa,Goa,Private Pool,MakeMyTrip,StayVista at La Bougainvillea Heritage Home,43,5BHK Villa • Private Pool • Goa,31,50,ready_to_sync,Added prominent BHK prefix for domestic filter matching,https://www.makemytrip.com/hotels/hotel-details/?hotelId=201901101503358355&_uCurrency=INR&checkin=11252025&checkout=11262025&city=CTAGR&country=IN&funnelType=getaway&lat=27.16779&lng=78.04893&locusId=ZNDEL67F7E280&locusType=zone&rank=1&roomStayQualifier=2e0e&seekSummaryRequired=false&viewType=LUXE&mtkeys=defaultMtkey
242,Cascades,3,Villa,Lonavala,Pool,Agoda,Cascades by Vista Rooms,23,"3-Bedroom Cascades Villa, Lonavala w/ Pool",42,50,ready_to_sync,Structured into clean standard formula: Size + Name + USP + Location,https://www.agoda.com/en-in/cascades-by-vista-rooms/hotel/malavli-in.html
242,Cascades,3,Villa,Lonavala,Pool,Airbnb,3R+Pvt Pool+Lawn+StayVista Cascades@Lonavala,44,3BHK Cascades • Pool & Mountain View,36,44,ready_to_sync,"Removed non-compliant/cluttered characters ('|', '@', '+'); Removed redundant brand name on Airbnb (saves space for top USP)",https://www.airbnb.co.in/rooms/1421515422003188762
242,Cascades,3,Villa,Lonavala,Pool,Booking.com,"Cascades Villa by VEO, StayVista - 3BHK with Pet Friendly & Mountain View",73,Cascades Villa by StayVista - 3BHK w/ Pool,42,50,ready_to_sync,Fixed length overflow: was 73/50 chars (truncated in search cards),https://www.booking.com/hotel/in/cascades-by-vista-rooms.html
242,Cascades,3,Villa,Lonavala,Pool,MakeMyTrip,StayVista | Cascades 3 BHK Pool Villa,37,3BHK Cascades Villa • Pool • Lonavala,37,50,ready_to_sync,"Removed non-compliant/cluttered characters ('|', '@', '+')",https://www.makemytrip.com/hotels/hotel-details/?hotelId=201901071709535563&_uCurrency=INR&checkin=11252025&checkout=11262025&city=CTAGR&country=IN&funnelType=getaway&lat=27.16779&lng=78.04893&locusId=ZNDEL67F7E280&locusType=zone&rank=1&roomStayQualifier=2e0e&seekSummaryRequired=false&viewType=LUXE&mtkeys=defaultMtkey
222,Greenwoods  5,5,Villa,Lonavala,Private Pool,Agoda,StayVista at Greenwoods Villa 5,31,5-Bedroom Greenwoods  5 Villa in Lonavala,41,50,ready_to_sync,Structured into clean standard formula: Size + Name + USP + Location,https://www.agoda.com/en-in/5bhk-greenwoods-with-pvt-pool-tt-table-games-h10603209/hotel/lonavala-in.html
222,Greenwoods  5,5,Villa,Lonavala,Private Pool,Airbnb,5BR|Lawn+Pool|StayVista|Greenwoods Villa 5@Lonavla,50,5BHK Greenwoods  5 • Private Pool & Lawn,40,44,ready_to_sync,"Fixed length overflow: was 50/44 chars (truncated in search cards); Removed non-compliant/cluttered characters ('|', '@', '+'); Removed redundant brand name on Airbnb (saves space for top USP)",https://www.airbnb.co.in/rooms/1559185170074047399
222,Greenwoods  5,5,Villa,Lonavala,Private Pool,Booking.com,"StayVista's Greenwoods Villa 5 - City-Center Villa with Private Pool, Terrace, Lift & Music System",98,Greenwoods  5 Villa - 5BHK with Private Pool,44,50,ready_to_sync,Fixed length overflow: was 98/50 chars (truncated in search cards),https://www.booking.com/hotel/in/greenwoods-villa-5.html
222,Greenwoods  5,5,Villa,Lonavala,Private Pool,MakeMyTrip,StayVista | Greenwoods Five 5 BHK Villa,39,5BHK Greenwoods  5 Villa • Private Pool • Lonavala,50,50,ready_to_sync,"Removed non-compliant/cluttered characters ('|', '@', '+')",https://www.makemytrip.com/hotels/hotel-details/?hotelId=201901091559067780&_uCurrency=INR&checkin=11252025&checkout=11262025&city=CTAGR&country=IN&funnelType=getaway&lat=27.16779&lng=78.04893&locusId=ZNDEL67F7E280&locusType=zone&rank=1&roomStayQualifier=2e0e&seekSummaryRequired=false&viewType=LUXE&mtkeys=defaultMtkey
282,The Kathguni,3,Villa,Manali,Lawn,Agoda,StayVista at The Kathguni House,31,"3-Bedroom The Kathguni Villa, Manali w/ Lawn",44,50,ready_to_sync,Structured into clean standard formula: Size + Name + USP + Location,https://www.agoda.com/en-in/the-kathguni-house-by-vista-rooms/hotel/manali-in.html
282,The Kathguni,3,Villa,Manali,Lawn,Airbnb,The Kathguni House | 3BHK Luxury Cottage with Lawn,50,3BHK The Kathguni Villa w/ Lawn,31,44,ready_to_sync,"Fixed length overflow: was 50/44 chars (truncated in search cards); Removed non-compliant/cluttered characters ('|', '@', '+')",https://www.airbnb.co.in/rooms/31177522
282,The Kathguni,3,Villa,Manali,Lawn,Booking.com,The Kathguni House by StayVista - Luxury Cottage with Lawn,58,The Kathguni Villa by StayVista - 3BHK w/ Lawn,46,50,ready_to_sync,Fixed length overflow: was 58/50 chars (truncated in search cards),https://www.booking.com/hotel/in/the-kathguni-house-by-vista-rooms.html
282,The Kathguni,3,Villa,Manali,Lawn,MakeMyTrip,StayVista | Kathguni House 3 BHK Villa,38,3BHK The Kathguni Villa • Lawn • Manali,39,50,ready_to_sync,"Removed non-compliant/cluttered characters ('|', '@', '+')",https://www.makemytrip.com/hotels/hotel-details/?hotelId=201903221217588326&_uCurrency=INR&checkin=11252025&checkout=11262025&city=CTAGR&country=IN&funnelType=getaway&lat=27.16779&lng=78.04893&locusId=ZNDEL67F7E280&locusType=zone&rank=1&roomStayQualifier=2e0e&seekSummaryRequired=false&viewType=LUXE&mtkeys=defaultMtkey
317,Shubmann,3,Villa,Wada,Private Pool,Agoda,StayVista at Shubmann Villa with Pvt Pool & River View,54,"3-Bedroom Shubmann Villa, Wada w/ Private Pool",46,50,ready_to_sync,Fixed length overflow: was 54/50 chars (truncated in search cards),https://www.agoda.com/en-in/shubmann-by-vista-rooms/hotel/mumbai-in.html
317,Shubmann,3,Villa,Wada,Private Pool,Airbnb,StayVista at Shubmann Villa w / River View - Wada,49,3BHK Shubmann • Private Pool & River View,41,44,ready_to_sync,Fixed length overflow: was 49/44 chars (truncated in search cards); Removed redundant brand name on Airbnb (saves space for top USP),https://www.airbnb.co.in/rooms/32174190
317,Shubmann,3,Villa,Wada,Private Pool,Booking.com,StayVista's Shubmann Villa - Wada - 3BHK with River View & Private Pool,71,Shubmann Villa by StayVista - 3BHK w/ Private Pool,50,50,ready_to_sync,Fixed length overflow: was 71/50 chars (truncated in search cards),https://www.booking.com/hotel/in/shumann-by-vista-rooms-wada.html
317,Shubmann,3,Villa,Wada,Private Pool,MakeMyTrip,StayVista | Shubmann 3 BHK Villa,32,3BHK Shubmann Villa • Private Pool • Wada,41,50,ready_to_sync,"Removed non-compliant/cluttered characters ('|', '@', '+')",https://www.makemytrip.com/hotels/hotel-details/?hotelId=201905211619441589&_uCurrency=INR&checkin=11252025&checkout=11262025&city=CTAGR&country=IN&funnelType=getaway&lat=27.16779&lng=78.04893&locusId=ZNDEL67F7E280&locusType=zone&rank=1&roomStayQualifier=2e0e&seekSummaryRequired=false&viewType=LUXE&mtkeys=defaultMtkey
373,The Hideout Farms,2,Villa,India,Pool,Agoda,StayVista at The Hideout Farms - Kurukshetra,44,"2-Bedroom The Hideout Farms Villa, India w/ Pool",48,50,ready_to_sync,Structured into clean standard formula: Size + Name + USP + Location,https://www.agoda.com/the-hideout-by-vista-rooms/hotel/kharar-in.html
373,The Hideout Farms,2,Villa,India,Pool,Airbnb,StayVista at The Hideout Farms | 2BR Pool Villa,47,2BHK The Hideout Farms Villa w/ Pool,36,44,ready_to_sync,"Fixed length overflow: was 47/44 chars (truncated in search cards); Removed non-compliant/cluttered characters ('|', '@', '+'); Removed redundant brand name on Airbnb (saves space for top USP)",https://www.airbnb.co.in/rooms/33502735
373,The Hideout Farms,2,Villa,India,Pool,Booking.com,The Hideout Farms - Kurukshetra by StayVista - 2BHK Villa with Swimming Pool & Farm Experience,94,The Hideout Farms Villa - 2BHK with Pool,40,50,ready_to_sync,Fixed length overflow: was 94/50 chars (truncated in search cards),https://www.booking.com/hotel/in/hideout-by-vista-rooms.html
373,The Hideout Farms,2,Villa,India,Pool,MakeMyTrip,StayVista at The Hideout Farm,29,2BHK The Hideout Farms Villa • Pool • India,43,50,ready_to_sync,Added prominent BHK prefix for domestic filter matching,https://www.makemytrip.com/hotels/hotel-details/?hotelId=201906281703073304&_uCurrency=INR&checkin=11252025&checkout=11262025&city=CTAGR&country=IN&funnelType=getaway&lat=27.16779&lng=78.04893&locusId=ZNDEL67F7E280&locusType=zone&rank=1&roomStayQualifier=2e0e&seekSummaryRequired=false&viewType=LUXE&mtkeys=defaultMtkey
432,Padam Hill,3,Villa,Kasauli,Bonfire,Agoda,StayVista at Padam Hill,23,"3-Bedroom Padam Hill Villa, Kasauli w/ Bonfire",46,50,ready_to_sync,Structured into clean standard formula: Size + Name + USP + Location,https://www.agoda.com/en-in/padam-hill-by-vista-rooms/hotel/kasauli-in.html
432,Padam Hill,3,Villa,Kasauli,Bonfire,Airbnb,3bhk Heritage Villa in Kasauli w/ Bonfire,41,3BHK Padam Hill Villa w/ Bonfire,32,44,ready_to_sync,Structured into clean standard formula: Size + Name + USP + Location,https://www.airbnb.co.in/rooms/661373608736527784
432,Padam Hill,3,Villa,Kasauli,Bonfire,Booking.com,StayVista's Padam Hill - 3BHK Pet-Friendly Mountain-View Villa,62,Padam Hill Villa by StayVista - 3BHK w/ Bonfire,47,50,ready_to_sync,Fixed length overflow: was 62/50 chars (truncated in search cards),https://www.booking.com/hotel/in/padam-hill-by-vista-rooms.html
432,Padam Hill,3,Villa,Kasauli,Bonfire,MakeMyTrip,StayVista at Padam Hill,23,3BHK Padam Hill Villa • Bonfire • Kasauli,41,50,ready_to_sync,Added prominent BHK prefix for domestic filter matching,https://www.makemytrip.com/hotels/hotel-details/?hotelId=201906281930462472&_uCurrency=INR&checkin=11252025&checkout=11262025&city=CTAGR&country=IN&funnelType=getaway&lat=27.16779&lng=78.04893&locusId=ZNDEL67F7E280&locusType=zone&rank=1&roomStayQualifier=2e0e&seekSummaryRequired=false&viewType=LUXE&mtkeys=defaultMtkey
187,"Gram's at Shivom, Pawna Lake by",3,Villa,Lonavala,Pool,Agoda,"Gram's at Shivom, Pawna Lake by StayVista",41,3-Bedroom Villa in Lonavala w/ Pool,35,50,ready_to_sync,Structured into clean standard formula: Size + Name + USP + Location,https://www.agoda.com/shivom-villa-3-by-vista-rooms/hotel/lonavala-in.html
187,"Gram's at Shivom, Pawna Lake by",3,Villa,Lonavala,Pool,Airbnb,"Gram's at Shivom, Pawna Lake by StayVista",41,"3BHK Gram's at Shivom, Pawna Lake by w/ Pool",44,44,ready_to_sync,Removed redundant brand name on Airbnb (saves space for top USP),https://www.airbnb.co.in/rooms/1365044094877344085
187,"Gram's at Shivom, Pawna Lake by",3,Villa,Lonavala,Pool,Booking.com,StayVista's Gram's at Shivom - Pawna - Shared Pool & Lawn,57,"Gram's at Shivom, Pawna Lake by by StayVista - 3BH",50,50,ready_to_sync,Fixed length overflow: was 57/50 chars (truncated in search cards),https://www.booking.com/hotel/in/shivom-villa-8.html
187,"Gram's at Shivom, Pawna Lake by",3,Villa,Lonavala,Pool,MakeMyTrip,"Gram's at Shivom, Pawna Lake by StayVista",41,3BHK Villa • Pool • Lonavala,28,50,ready_to_sync,Added prominent BHK prefix for domestic filter matching,https://www.makemytrip.com/hotels/hotel-details/?hotelId=202510081720513114&_uCurrency=INR&checkin=11252025&checkout=11262025&city=CTAGR&country=IN&funnelType=getaway&lat=27.16779&lng=78.04893&locusId=ZNDEL67F7E280&locusType=zone&rank=1&roomStayQualifier=2e0e&seekSummaryRequired=false&viewType=LUXE&mtkeys=defaultMtkey
473,The Owl  by VEO,4,House,Jaipur,Lawn,Agoda,The Owl House by VEO - Part of StayVista,40,"4-Bedroom The Owl  by VEO House, Jaipur w/ Lawn",47,50,ready_to_sync,Structured into clean standard formula: Size + Name + USP + Location,https://www.agoda.com/en-in/the-owl-house-by-vista-rooms/hotel/kalwad-kalan-and-khurd-in.html
473,The Owl  by VEO,4,House,Jaipur,Lawn,Airbnb,4BR|Peaceful stay|StayVista| The Owl House @Jaipur,50,4BHK The Owl  by VEO House w/ Lawn,34,44,ready_to_sync,"Fixed length overflow: was 50/44 chars (truncated in search cards); Removed non-compliant/cluttered characters ('|', '@', '+'); Removed redundant brand name on Airbnb (saves space for top USP)",https://www.airbnb.co.in/rooms/35590446
473,The Owl  by VEO,4,House,Jaipur,Lawn,Booking.com,"The Owl House by VEO, StayVista - 4BHK with Pet Friendly & Terrace",66,The Owl  by VEO House by StayVista - 4BHK w/ Lawn,49,50,ready_to_sync,Fixed length overflow: was 66/50 chars (truncated in search cards),https://www.booking.com/hotel/in/the-owl-house-by-vista-rooms-jaipur.html
473,The Owl  by VEO,4,House,Jaipur,Lawn,MakeMyTrip,The Owl House by VEO - Part of StayVista,40,4BHK The Owl  by VEO House • Lawn • Jaipur,42,50,ready_to_sync,Added prominent BHK prefix for domestic filter matching,https://www.makemytrip.com/hotels/hotel-details/?hotelId=201909131841315734&_uCurrency=INR&checkin=11252025&checkout=11262025&city=CTAGR&country=IN&funnelType=getaway&lat=27.16779&lng=78.04893&locusId=ZNDEL67F7E280&locusType=zone&rank=1&roomStayQualifier=2e0e&seekSummaryRequired=false&viewType=LUXE&mtkeys=defaultMtkey
308,Tall Silver,2,Villa,Coorg,Infinity Pool,Agoda,StayVista at Tall Silver,24,2-Bedroom Tall Silver Villa in Coorg,36,50,ready_to_sync,Structured into clean standard formula: Size + Name + USP + Location,https://www.agoda.com/en-in/tall-silver-by-vista-rooms-h10696433/hotel/coorg-in.html
308,Tall Silver,2,Villa,Coorg,Infinity Pool,Airbnb,2BR| Pool+Brkfst |StayVista| Tall Silver@Karnataka,50,2BHK Tall Silver Villa w/ Infinity Pool,39,44,ready_to_sync,"Fixed length overflow: was 50/44 chars (truncated in search cards); Removed non-compliant/cluttered characters ('|', '@', '+'); Removed redundant brand name on Airbnb (saves space for top USP)",https://www.airbnb.co.in/rooms/39589386
308,Tall Silver,2,Villa,Coorg,Infinity Pool,Booking.com,StayVista's Tall Silver - 2BHK Forest-View Villa with Infinity Pool,67,Tall Silver Villa - 2BHK with Infinity Pool,43,50,ready_to_sync,Fixed length overflow: was 67/50 chars (truncated in search cards),https://www.booking.com/hotel/in/tall-silver-by-vista-rooms.html
308,Tall Silver,2,Villa,Coorg,Infinity Pool,MakeMyTrip,StayVista | Villa Tall Silver,29,2BHK Tall Silver Villa • Infinity Pool • Coorg,46,50,ready_to_sync,"Removed non-compliant/cluttered characters ('|', '@', '+'); Added prominent BHK prefix for domestic filter matching",https://www.makemytrip.com/hotels/hotel-details/?hotelId=201904051708438613&_uCurrency=INR&checkin=11252025&checkout=11262025&city=CTAGR&country=IN&funnelType=getaway&lat=27.16779&lng=78.04893&locusId=ZNDEL67F7E280&locusType=zone&rank=1&roomStayQualifier=2e0e&seekSummaryRequired=false&viewType=LUXE&mtkeys=defaultMtkey
423,Mistletoe,6,House,Nainital,Mountain View,Agoda,Mistletoe House by VEO - Part of StayVista,42,6-Bedroom Mistletoe House in Nainital,37,50,ready_to_sync,Structured into clean standard formula: Size + Name + USP + Location,https://www.agoda.com/en-in/mistletoe-house-by-vista-rooms-h10696439/hotel/nainital-in.html
423,Mistletoe,6,House,Nainital,Mountain View,Airbnb,"Bhimtal | 6BR Mistletoe House w/Cook, Wifi & Lawn",49,6BHK Mistletoe • Mountain View & Lawn,37,44,ready_to_sync,"Fixed length overflow: was 49/44 chars (truncated in search cards); Removed non-compliant/cluttered characters ('|', '@', '+')",https://www.airbnb.co.in/rooms/1734496875518022622
423,Mistletoe,6,House,Nainital,Mountain View,Booking.com,"Mistletoe House by VEO, StayVista - 6BHK with Mountain View & Bonfire",69,Mistletoe House - 6BHK with Mountain View,41,50,ready_to_sync,Fixed length overflow: was 69/50 chars (truncated in search cards),https://www.booking.com/hotel/in/mistletoe-house.html
423,Mistletoe,6,House,Nainital,Mountain View,MakeMyTrip,StayVista | Mistletoe House,27,6BHK Mistletoe House • Mountain View • Nainital,47,50,ready_to_sync,"Removed non-compliant/cluttered characters ('|', '@', '+'); Added prominent BHK prefix for domestic filter matching",https://www.makemytrip.com/hotels/hotel-details/?hotelId=201906281929365708&_uCurrency=INR&checkin=11252025&checkout=11262025&city=CTAGR&country=IN&funnelType=getaway&lat=27.16779&lng=78.04893&locusId=ZNDEL67F7E280&locusType=zone&rank=1&roomStayQualifier=2e0e&seekSummaryRequired=false&viewType=LUXE&mtkeys=defaultMtkey
451,The Lilly Ooty,4,Villa,Ooty,Private Pool,Agoda,StayVista at The Lilly Ooty with Breakfast,42,4-Bedroom The Lilly Ooty Villa in Ooty,38,50,ready_to_sync,Structured into clean standard formula: Size + Name + USP + Location,https://www.agoda.com/en-in/the-lilly-by-vista-rooms/hotel/ooty-in.html
451,The Lilly Ooty,4,Villa,Ooty,Private Pool,Airbnb,4BR|Majestic Views+Hill|StayVista| The Lilly @Ooty,50,4BHK The Lilly Ooty Villa w/ Private Pool,41,44,ready_to_sync,"Fixed length overflow: was 50/44 chars (truncated in search cards); Removed non-compliant/cluttered characters ('|', '@', '+'); Removed redundant brand name on Airbnb (saves space for top USP)",https://www.airbnb.co.in/rooms/35206601
451,The Lilly Ooty,4,Villa,Ooty,Private Pool,Booking.com,The Lilly by StayVista - 4BHK Mountain-View Villa with Bar,58,The Lilly Ooty Villa - 4BHK with Private Pool,45,50,ready_to_sync,Fixed length overflow: was 58/50 chars (truncated in search cards),https://www.booking.com/hotel/in/the-lilly-by-vista-rooms.html
451,The Lilly Ooty,4,Villa,Ooty,Private Pool,MakeMyTrip,StayVista | The Lilly 4 BHK Villa,33,4BHK The Lilly Ooty Villa • Private Pool • Ooty,47,50,ready_to_sync,"Removed non-compliant/cluttered characters ('|', '@', '+')",https://www.makemytrip.com/hotels/hotel-details/?hotelId=201906281847298425&_uCurrency=INR&checkin=11252025&checkout=11262025&city=CTAGR&country=IN&funnelType=getaway&lat=27.16779&lng=78.04893&locusId=ZNDEL67F7E280&locusType=zone&rank=1&roomStayQualifier=2e0e&seekSummaryRequired=false&viewType=LUXE&mtkeys=defaultMtkey
357,in the Clouds,3,Cottage,Mussoorie,Mountain View,Agoda,StayVista at Cottage in the Clouds,34,3-Bedroom in the Clouds Cottage in Mussoorie,44,50,ready_to_sync,Structured into clean standard formula: Size + Name + USP + Location,https://www.agoda.com/en-in/cottage-in-the-clouds-by-vista-rooms/hotel/mussoorie-in.html
357,in the Clouds,3,Cottage,Mussoorie,Mountain View,Airbnb,StayVista at Cottage In The Clouds,34,3BHK in the Clouds • Mountain View & BBQ,40,44,ready_to_sync,Removed redundant brand name on Airbnb (saves space for top USP),https://www.airbnb.co.in/rooms/1734685855226959267
357,in the Clouds,3,Cottage,Mussoorie,Mountain View,Booking.com,Cottage in the Clouds by StayVista - 3BHK with Mountain View & BBQ,66,in the Clouds Cottage - 3BHK with Mountain View,47,50,ready_to_sync,Fixed length overflow: was 66/50 chars (truncated in search cards),https://www.booking.com/hotel/in/cottage-in-the-clouds-by-vista-rooms.html
357,in the Clouds,3,Cottage,Mussoorie,Mountain View,MakeMyTrip,StayVista at Cottage in the Clouds,34,3BHK in the Clouds • Mountain View • Mussoorie,46,50,ready_to_sync,Added prominent BHK prefix for domestic filter matching,https://www.makemytrip.com/hotels/hotel-details/?hotelId=201907121635319157&_uCurrency=INR&checkin=11252025&checkout=11262025&city=CTAGR&country=IN&funnelType=getaway&lat=27.16779&lng=78.04893&locusId=ZNDEL67F7E280&locusType=zone&rank=1&roomStayQualifier=2e0e&seekSummaryRequired=false&viewType=LUXE&mtkeys=defaultMtkey
691,Sullivan,5,Villa,Ooty,Mountain View,Agoda,Villa Sullivan by VEO - Part of StayVista,41,"5-Bedroom Sullivan Villa, Ooty w/ Mountain View",47,50,ready_to_sync,Structured into clean standard formula: Size + Name + USP + Location,https://www.agoda.com/en-in/villa-sullivan-by-vista-rooms/hotel/ooty-in.html
691,Sullivan,5,Villa,Ooty,Mountain View,Airbnb,5BR| Nature Escape |StayVista| Villa Sullivan@Ooty,50,5BHK Sullivan • Mountain View & BBQ,35,44,ready_to_sync,"Fixed length overflow: was 50/44 chars (truncated in search cards); Removed non-compliant/cluttered characters ('|', '@', '+'); Removed redundant brand name on Airbnb (saves space for top USP)",https://www.airbnb.co.in/rooms/39188162
691,Sullivan,5,Villa,Ooty,Mountain View,Booking.com,"Villa Sullivan by VEO, StayVista - 5BHK with Mountain View & BBQ",64,Sullivan Villa - 5BHK with Mountain View,40,50,ready_to_sync,Fixed length overflow: was 64/50 chars (truncated in search cards),https://www.booking.com/hotel/in/villa-sullivan-by-vista-rooms-ooty.html
691,Sullivan,5,Villa,Ooty,Mountain View,MakeMyTrip,StayVista | Villa Sullivan,26,5BHK Sullivan Villa • Mountain View • Ooty,42,50,ready_to_sync,"Removed non-compliant/cluttered characters ('|', '@', '+'); Added prominent BHK prefix for domestic filter matching",https://www.makemytrip.com/hotels/hotel-details/?hotelId=201910191701271659&_uCurrency=INR&checkin=11252025&checkout=11262025&city=CTAGR&country=IN&funnelType=getaway&lat=27.16779&lng=78.04893&locusId=ZNDEL67F7E280&locusType=zone&rank=1&roomStayQualifier=2e0e&seekSummaryRequired=false&viewType=LUXE&mtkeys=defaultMtkey
689,Agastya,3,Villa,India,Mountain View,Agoda,Agastya Villa by VEO - Part of StayVista,40,"3-Bedroom Agastya Villa, India w/ Mountain View",47,50,ready_to_sync,Structured into clean standard formula: Size + Name + USP + Location,https://www.agoda.com/en-in/boutique-homestay-in-heritage-town-of-badami/hotel/badami-in.html
689,Agastya,3,Villa,India,Mountain View,Airbnb,3BR Pet Friendly Villa w/Terrace @Badami Bangalore,50,3BHK Agastya Villa w/ Mountain View,35,44,ready_to_sync,"Fixed length overflow: was 50/44 chars (truncated in search cards); Removed non-compliant/cluttered characters ('|', '@', '+')",https://www.airbnb.co.in/rooms/39009540
689,Agastya,3,Villa,India,Mountain View,Booking.com,"Agastya Villa by VEO, StayVista - 3BHK with Mountain View & Terrace",67,Agastya Villa by StayVista - 3BHK w/ Mountain View,50,50,ready_to_sync,Fixed length overflow: was 67/50 chars (truncated in search cards),https://www.booking.com/hotel/in/boutique-homestay-in-heritage-town-of-badami.html
689,Agastya,3,Villa,India,Mountain View,MakeMyTrip,StayVista | Agastya Villa,25,3BHK Agastya Villa • Mountain View • India,42,50,ready_to_sync,"Removed non-compliant/cluttered characters ('|', '@', '+'); Added prominent BHK prefix for domestic filter matching",https://www.makemytrip.com/hotels/hotel-details/?hotelId=201910151517104991&_uCurrency=INR&checkin=11252025&checkout=11262025&city=CTAGR&country=IN&funnelType=getaway&lat=27.16779&lng=78.04893&locusId=ZNDEL67F7E280&locusType=zone&rank=1&roomStayQualifier=2e0e&seekSummaryRequired=false&viewType=LUXE&mtkeys=defaultMtkey
475,Kinara The Luxury Collection,4,Villa,Goa,Infinity Pool,Agoda,StayVista at Villa Kinara The Luxury Collection,47,4-Bedroom Villa in Goa w/ Infinity Pool,39,50,ready_to_sync,Structured into clean standard formula: Size + Name + USP + Location,https://www.agoda.com/en-in/villa-kinara-by-vista-rooms/hotel/goa-in.html
475,Kinara The Luxury Collection,4,Villa,Goa,Infinity Pool,Airbnb,4BR|Luxury Pool Villa+Beach|StayVista| Kinara @Goa,50,4BHK Villa w/ Infinity Pool,27,44,ready_to_sync,"Fixed length overflow: was 50/44 chars (truncated in search cards); Removed non-compliant/cluttered characters ('|', '@', '+'); Removed redundant brand name on Airbnb (saves space for top USP)",https://www.airbnb.co.in/rooms/1562970641426659589
475,Kinara The Luxury Collection,4,Villa,Goa,Infinity Pool,Booking.com,Villa Kinara - Reis Magos by StayVista - 4BHK with Infinity Pool & Jacuzzi,74,Kinara The Luxury Collection by StayVista - 4BHK I,50,50,ready_to_sync,Fixed length overflow: was 74/50 chars (truncated in search cards),https://www.booking.com/hotel/in/villa-kinara-by-vista-rooms.html
475,Kinara The Luxury Collection,4,Villa,Goa,Infinity Pool,MakeMyTrip,StayVista | Villa Kinara,24,4BHK Villa • Infinity Pool • Goa,32,50,ready_to_sync,"Removed non-compliant/cluttered characters ('|', '@', '+'); Added prominent BHK prefix for domestic filter matching",https://www.makemytrip.com/hotels/hotel-details/?hotelId=201907091201503554&_uCurrency=INR&checkin=11252025&checkout=11262025&city=CTAGR&country=IN&funnelType=getaway&lat=27.16779&lng=78.04893&locusId=ZNDEL67F7E280&locusType=zone&rank=1&roomStayQualifier=2e0e&seekSummaryRequired=false&viewType=LUXE&mtkeys=defaultMtkey
536,EL Lodge,3,Villa,Lonavala,Private Pool,Agoda,EL Lodge by StayVista - your perfect getaway,44,"3-Bedroom EL Lodge Villa, Lonavala w/ Private Pool",50,50,ready_to_sync,Structured into clean standard formula: Size + Name + USP + Location,https://www.agoda.com/en-in/el-lodge-by-vista-rooms/hotel/lonavala-in.html
536,EL Lodge,3,Villa,Lonavala,Private Pool,Airbnb,3BR|Garden Pool|StayVista| El Lodge Villa@Lonavala,50,3BHK EL Lodge Villa w/ Private Pool,35,44,ready_to_sync,"Fixed length overflow: was 50/44 chars (truncated in search cards); Removed non-compliant/cluttered characters ('|', '@', '+'); Removed redundant brand name on Airbnb (saves space for top USP)",https://www.airbnb.co.in/rooms/656122526722052274
536,EL Lodge,3,Villa,Lonavala,Private Pool,Booking.com,"EL Lodge by VEO, StayVista - 3BHK Villa with Alfresco Dining & Private Pool",75,EL Lodge Villa by StayVista - 3BHK w/ Private Pool,50,50,ready_to_sync,Fixed length overflow: was 75/50 chars (truncated in search cards),https://www.booking.com/hotel/in/el-lodge-by-vista-rooms.html
536,EL Lodge,3,Villa,Lonavala,Private Pool,MakeMyTrip,StayVista | EL Lodge 3 BHK Pool Villa,37,3BHK EL Lodge Villa • Private Pool • Lonavala,45,50,ready_to_sync,"Removed non-compliant/cluttered characters ('|', '@', '+')",https://www.makemytrip.com/hotels/hotel-details/?hotelId=201908281754079648&_uCurrency=INR&checkin=11252025&checkout=11262025&city=CTAGR&country=IN&funnelType=getaway&lat=27.16779&lng=78.04893&locusId=ZNDEL67F7E280&locusType=zone&rank=1&roomStayQualifier=2e0e&seekSummaryRequired=false&viewType=LUXE&mtkeys=defaultMtkey
435,Elevar,5,Villa,Karjat,Plunge Pool,Agoda,"StayVista's Elevar Villa - Elevate your stay with a Mountain-View, Terrace & Plunge Pool",88,"5-Bedroom Elevar Villa, Karjat w/ Plunge Pool",45,50,ready_to_sync,Fixed length overflow: was 88/50 chars (truncated in search cards),https://www.agoda.com/en-in/elysium-villa-by-vista-rooms/hotel/karjat-in.html
435,Elevar,5,Villa,Karjat,Plunge Pool,Airbnb,5BR Pvt Pool | StayVista Elevar Villa | Karjat Gem,50,5BHK Elevar • Plunge Pool & Mountain View,41,44,ready_to_sync,"Fixed length overflow: was 50/44 chars (truncated in search cards); Removed non-compliant/cluttered characters ('|', '@', '+'); Removed redundant brand name on Airbnb (saves space for top USP)",https://www.airbnb.co.in/rooms/1294694749244221921
435,Elevar,5,Villa,Karjat,Plunge Pool,Booking.com,"Elevar Villa by VEO, StayVista - 5BHK with Mountain View & Plunge Pool",70,Elevar Villa by StayVista - 5BHK w/ Plunge Pool,47,50,ready_to_sync,Fixed length overflow: was 70/50 chars (truncated in search cards),https://www.booking.com/hotel/in/elysium-villa-by-vista-rooms.html
435,Elevar,5,Villa,Karjat,Plunge Pool,MakeMyTrip,StayVista | Elevar 5 BHK Pool Villa,35,5BHK Elevar Villa • Plunge Pool • Karjat,40,50,ready_to_sync,"Removed non-compliant/cluttered characters ('|', '@', '+')",https://www.makemytrip.com/hotels/hotel-details/?hotelId=201907161704288821&_uCurrency=INR&checkin=11252025&checkout=11262025&city=CTAGR&country=IN&funnelType=getaway&lat=27.16779&lng=78.04893&locusId=ZNDEL67F7E280&locusType=zone&rank=1&roomStayQualifier=2e0e&seekSummaryRequired=false&viewType=LUXE&mtkeys=defaultMtkey
695,Maximus,6,Villa,Lonavala,Pool,Agoda,StayVista at Maximus Villa,26,"6-Bedroom Maximus Villa, Lonavala w/ Pool",41,50,ready_to_sync,Structured into clean standard formula: Size + Name + USP + Location,https://www.agoda.com/en-in/stayvista-s-maximus-villa-city-center-villa-with-private-pool-gazebo-games-projector-room/hotel/lonavala-in.html
695,Maximus,6,Villa,Lonavala,Pool,Airbnb,6BR Maximus Villa Lonavala W/Pool,33,6BHK Maximus • Pool & Gazebo,28,44,ready_to_sync,Structured into clean standard formula: Size + Name + USP + Location,https://www.airbnb.co.in/rooms/656079073576721705
695,Maximus,6,Villa,Lonavala,Pool,Booking.com,"Maximus Villa by VEO, StayVista - 6BHK with Pool Table & Sauna",62,Maximus Villa by StayVista - 6BHK w/ Pool,41,50,ready_to_sync,Fixed length overflow: was 62/50 chars (truncated in search cards),https://www.booking.com/hotel/in/kainya-villa-by-vista-rooms.html
695,Maximus,6,Villa,Lonavala,Pool,MakeMyTrip,StayVista | Maximus Villa,25,6BHK Maximus Villa • Pool • Lonavala,36,50,ready_to_sync,"Removed non-compliant/cluttered characters ('|', '@', '+'); Added prominent BHK prefix for domestic filter matching",https://www.makemytrip.com/hotels/hotel-details/?hotelId=201910111850106871&_uCurrency=INR&checkin=11252025&checkout=11262025&city=CTAGR&country=IN&funnelType=getaway&lat=27.16779&lng=78.04893&locusId=ZNDEL67F7E280&locusType=zone&rank=1&roomStayQualifier=2e0e&seekSummaryRequired=false&viewType=LUXE&mtkeys=defaultMtkey
318,Nivaant Farms,17,Villa,India,Pool,Agoda,StayVista at Nivaant Farms,26,"17-Bedroom Nivaant Farms Villa, India w/ Pool",45,50,ready_to_sync,Structured into clean standard formula: Size + Name + USP + Location,https://www.agoda.com/en-in/nivaant-farms-by-vista-rooms/hotel/khopoli-in.html
318,Nivaant Farms,17,Villa,India,Pool,Airbnb,9R+Pool+Lawn+Pickle Court-StayVista@Nivaant Farms.,50,17BHK Nivaant Farms • Pool & Lawn,33,44,ready_to_sync,"Fixed length overflow: was 50/44 chars (truncated in search cards); Removed non-compliant/cluttered characters ('|', '@', '+'); Removed redundant brand name on Airbnb (saves space for top USP)",https://www.airbnb.co.in/rooms/1511993314533246186
318,Nivaant Farms,17,Villa,India,Pool,Booking.com,Nivaant Farms And Cottages by StayVista - 17BHK with Pet Friendly & Pickle Ball,79,Nivaant Farms Villa by StayVista - 17BHK w/ Pool,48,50,ready_to_sync,Fixed length overflow: was 79/50 chars (truncated in search cards),https://www.booking.com/hotel/in/nivaant-farms-by-vista-rooms.html
318,Nivaant Farms,17,Villa,India,Pool,MakeMyTrip,StayVista at Nivaant Farms,26,17BHK Nivaant Farms Villa • Pool • India,40,50,ready_to_sync,Added prominent BHK prefix for domestic filter matching,https://www.makemytrip.com/hotels/hotel-details/?hotelId=201907161201449124&_uCurrency=INR&checkin=11252025&checkout=11262025&city=CTAGR&country=IN&funnelType=getaway&lat=27.16779&lng=78.04893&locusId=ZNDEL67F7E280&locusType=zone&rank=1&roomStayQualifier=2e0e&seekSummaryRequired=false&viewType=LUXE&mtkeys=defaultMtkey
260,The Verandah,5,Villa,Bhimtal,Mountain View,Agoda,StayVista at The Verandah,25,5-Bedroom The Verandah Villa in Bhimtal,39,50,ready_to_sync,Structured into clean standard formula: Size + Name + USP + Location,https://www.agoda.com/en-in/the-verandah-by-vista-rooms/hotel/harnagar-jangalia-gaon-in.html
260,The Verandah,5,Villa,Bhimtal,Mountain View,Airbnb,5BR|Mountain View|StayVista| The Verandah @Bhimtal,50,5BHK The Verandah • Mountain View & BBQ,39,44,ready_to_sync,"Fixed length overflow: was 50/44 chars (truncated in search cards); Removed non-compliant/cluttered characters ('|', '@', '+'); Removed redundant brand name on Airbnb (saves space for top USP)",https://www.airbnb.co.in/rooms/8602984
260,The Verandah,5,Villa,Bhimtal,Mountain View,Booking.com,The Verandah by StayVista - 5BHK Mountain-View Villa with BBQ,61,The Verandah Villa - 5BHK with Mountain View,44,50,ready_to_sync,Fixed length overflow: was 61/50 chars (truncated in search cards),https://www.booking.com/hotel/in/the-verandah-by-vista-rooms.html
260,The Verandah,5,Villa,Bhimtal,Mountain View,MakeMyTrip,StayVista | The Verandah Villa,30,5BHK The Verandah Villa • Mountain View • Bhimtal,49,50,ready_to_sync,"Removed non-compliant/cluttered characters ('|', '@', '+'); Added prominent BHK prefix for domestic filter matching",https://www.makemytrip.com/hotels/hotel-details/?hotelId=201903191403037812&_uCurrency=INR&checkin=11252025&checkout=11262025&city=CTAGR&country=IN&funnelType=getaway&lat=27.16779&lng=78.04893&locusId=ZNDEL67F7E280&locusType=zone&rank=1&roomStayQualifier=2e0e&seekSummaryRequired=false&viewType=LUXE&mtkeys=defaultMtkey
510,Casa Do Amor,6,Villa,Goa,Private Pool,Agoda,Casa Do Amor with Pvt Pool by StayVista,39,"6-Bedroom Casa Do Amor Villa, Goa w/ Private Pool",49,50,ready_to_sync,Structured into clean standard formula: Size + Name + USP + Location,https://www.agoda.com/en-in/casa-do-amor-by-vista-rooms/hotel/goa-in.html
510,Casa Do Amor,6,Villa,Goa,Private Pool,Airbnb,6BR Pool&Lawn StayVista Casa Do Amor Sangolda Goa!,50,6BHK Casa Do Amor • Private Pool & Lawn,39,44,ready_to_sync,Fixed length overflow: was 50/44 chars (truncated in search cards); Removed redundant brand name on Airbnb (saves space for top USP),https://www.airbnb.co.in/rooms/670685178529359163
510,Casa Do Amor,6,Villa,Goa,Private Pool,Booking.com,"Casa Do Amor - Sangolda by VEO, StayVista - 6BHK Pet-Friendly Villa with Private Pool",85,Casa Do Amor Villa - 6BHK with Private Pool,43,50,ready_to_sync,Fixed length overflow: was 85/50 chars (truncated in search cards),https://www.booking.com/hotel/in/casa-do-amor-by-vista-rooms.html
510,Casa Do Amor,6,Villa,Goa,Private Pool,MakeMyTrip,StayVista at Casa Do Amor,25,6BHK Casa Do Amor Villa • Private Pool • Goa,44,50,ready_to_sync,Added prominent BHK prefix for domestic filter matching,https://www.makemytrip.com/hotels/hotel-details/?hotelId=201908311328127610&_uCurrency=INR&checkin=11252025&checkout=11262025&city=CTAGR&country=IN&funnelType=getaway&lat=27.16779&lng=78.04893&locusId=ZNDEL67F7E280&locusType=zone&rank=1&roomStayQualifier=2e0e&seekSummaryRequired=false&viewType=LUXE&mtkeys=defaultMtkey
981,Casa Serenity,4,Villa,Lonavala,Pool,Agoda,"Casa Serenity by StayVista - Relax with a pool, lawn, and inviting jacuzzi",74,"4-Bedroom Casa Serenity Villa, Lonavala w/ Pool",47,50,ready_to_sync,Fixed length overflow: was 74/50 chars (truncated in search cards),https://www.agoda.com/en-in/casa-serenity-5br-in-lonavala-by-vista-rooms/hotel/lonavala-in.html
981,Casa Serenity,4,Villa,Lonavala,Pool,Airbnb,4BHK Pool & Jacuzzi Villa | Casa Serenity Lonavala,50,4BHK Casa Serenity • Pool & Jacuzzi,35,44,ready_to_sync,"Fixed length overflow: was 50/44 chars (truncated in search cards); Removed non-compliant/cluttered characters ('|', '@', '+')",https://www.airbnb.co.in/rooms/655405122230151347
981,Casa Serenity,4,Villa,Lonavala,Pool,Booking.com,StayVista's Casa Serenity - 4BHK Pet-Friendly Villa with Jacuzzi,64,Casa Serenity Villa by StayVista - 4BHK w/ Pool,47,50,ready_to_sync,Fixed length overflow: was 64/50 chars (truncated in search cards),https://www.booking.com/hotel/in/sharma-villa-by-vista-rooms.html
981,Casa Serenity,4,Villa,Lonavala,Pool,MakeMyTrip,StayVista | Casa Serenity 4 BHK Villa,37,4BHK Casa Serenity Villa • Pool • Lonavala,42,50,ready_to_sync,"Removed non-compliant/cluttered characters ('|', '@', '+')",https://www.makemytrip.com/hotels/hotel-details/?hotelId=201912261134466732&_uCurrency=INR&checkin=11252025&checkout=11262025&city=CTAGR&country=IN&funnelType=getaway&lat=27.16779&lng=78.04893&locusId=ZNDEL67F7E280&locusType=zone&rank=1&roomStayQualifier=2e0e&seekSummaryRequired=false&viewType=LUXE&mtkeys=defaultMtkey
833,Serene Nook,1,Villa,Wada,Jacuzzi,Agoda,StayVista's Serene Nook - Pet-Friendly Villa with Jacuzzi & Terrace,67,"1-Bedroom Serene Nook Villa, Wada w/ Jacuzzi",44,50,ready_to_sync,Fixed length overflow: was 67/50 chars (truncated in search cards),https://www.agoda.com/sayoung-villa-by-vista-rooms/hotel/vikramgad-in.html
833,Serene Nook,1,Villa,Wada,Jacuzzi,Airbnb,1BR |Luxury Jacuzzi|StayVista| Serene Nook @Wada,48,1BHK Serene Nook Villa w/ Jacuzzi,33,44,ready_to_sync,"Fixed length overflow: was 48/44 chars (truncated in search cards); Removed non-compliant/cluttered characters ('|', '@', '+'); Removed redundant brand name on Airbnb (saves space for top USP)",https://www.airbnb.co.in/rooms/40042182
833,Serene Nook,1,Villa,Wada,Jacuzzi,Booking.com,"Serene Nook - Wada by VEO, StayVista - 1BHK Pet-Friendly Villa with Jacuzzi",75,Serene Nook Villa by StayVista - 1BHK w/ Jacuzzi,48,50,ready_to_sync,Fixed length overflow: was 75/50 chars (truncated in search cards),https://www.booking.com/hotel/in/sayoung-villa-by-vista-rooms.html
833,Serene Nook,1,Villa,Wada,Jacuzzi,MakeMyTrip,StayVista | Serene Nook 1 BHK Villa,35,1BHK Serene Nook Villa • Jacuzzi • Wada,39,50,ready_to_sync,"Removed non-compliant/cluttered characters ('|', '@', '+')",https://www.makemytrip.com/hotels/hotel-details/?hotelId=201911301503281337&_uCurrency=INR&checkin=11252025&checkout=11262025&city=CTAGR&country=IN&funnelType=getaway&lat=27.16779&lng=78.04893&locusId=ZNDEL67F7E280&locusType=zone&rank=1&roomStayQualifier=2e0e&seekSummaryRequired=false&viewType=LUXE&mtkeys=defaultMtkey
850,Misty Mountains,2,Villa,Kasauli,Pool,Agoda,StayVista at Misty Mountains Cottage,36,"2-Bedroom Misty Mountains Villa, Kasauli w/ Pool",48,50,ready_to_sync,Structured into clean standard formula: Size + Name + USP + Location,https://www.agoda.com/en-in/misty-mountains-cottage-by-vista-rooms/hotel/kasauli-in.html
850,Misty Mountains,2,Villa,Kasauli,Pool,Airbnb,StayVista at Misty Mountains Cottage-2BR Hill View,50,2BHK Misty Mountains • Pool & Mountain View,43,44,ready_to_sync,Fixed length overflow: was 50/44 chars (truncated in search cards); Removed redundant brand name on Airbnb (saves space for top USP),https://www.airbnb.co.in/rooms/1734474981679841350
850,Misty Mountains,2,Villa,Kasauli,Pool,Booking.com,StayVista's Misty Mountains Cottage - 2BHK with Mountain View & Pool Table,74,Misty Mountains Villa by StayVista - 2BHK w/ Pool,49,50,ready_to_sync,Fixed length overflow: was 74/50 chars (truncated in search cards),https://www.booking.com/hotel/in/hillcrest-villa-by-vistarooms.html
850,Misty Mountains,2,Villa,Kasauli,Pool,MakeMyTrip,StayVista | Misty Mountains 2 BHK Cottage,41,2BHK Misty Mountains Villa • Pool • Kasauli,43,50,ready_to_sync,"Removed non-compliant/cluttered characters ('|', '@', '+')",https://www.makemytrip.com/hotels/hotel-details/?hotelId=202001131110548702&_uCurrency=INR&checkin=11252025&checkout=11262025&city=CTAGR&country=IN&funnelType=getaway&lat=27.16779&lng=78.04893&locusId=ZNDEL67F7E280&locusType=zone&rank=1&roomStayQualifier=2e0e&seekSummaryRequired=false&viewType=LUXE&mtkeys=defaultMtkey
902,Lake Trails,2,Villa,Nainital,Valley View,Agoda,Lake Trails with Beautiful Valley View by StayVista,51,2-Bedroom Lake Trails Villa in Nainital,39,50,ready_to_sync,Fixed length overflow: was 51/50 chars (truncated in search cards),https://www.agoda.com/singh-and-kapoor-s-villa-by-vista-rooms/hotel/nainital-in.html
902,Lake Trails,2,Villa,Nainital,Valley View,Airbnb,"2BR @ Lake Trails w/Lake View, Cook, Wifi -Bhimtal",50,2BHK Lake Trails • Valley View & Lake View,42,44,ready_to_sync,"Fixed length overflow: was 50/44 chars (truncated in search cards); Removed non-compliant/cluttered characters ('|', '@', '+')",https://www.airbnb.co.in/rooms/1527271590474527133
902,Lake Trails,2,Villa,Nainital,Valley View,Booking.com,"Lake Trails by VEO, StayVista - 2BHK Lake-View Villa with EV Station & Bonfire",78,Lake Trails Villa - 2BHK with Valley View,41,50,ready_to_sync,Fixed length overflow: was 78/50 chars (truncated in search cards),https://www.booking.com/hotel/in/singh-and-kapoors-villa-by-vista-rooms.html
902,Lake Trails,2,Villa,Nainital,Valley View,MakeMyTrip,StayVista at Lake Trails with Bonfire and Valley View,53,2BHK Lake Trails Villa • Valley View • Nainital,47,50,ready_to_sync,Fixed length overflow: was 53/50 chars (truncated in search cards); Added prominent BHK prefix for domestic filter matching,https://www.makemytrip.com/hotels/hotel-details/?hotelId=201912161130053844&_uCurrency=INR&checkin=11252025&checkout=11262025&city=CTAGR&country=IN&funnelType=getaway&lat=27.16779&lng=78.04893&locusId=ZNDEL67F7E280&locusType=zone&rank=1&roomStayQualifier=2e0e&seekSummaryRequired=false&viewType=LUXE&mtkeys=defaultMtkey
976,Woodside Meadows by VEO,3,Villa,Shimla,Jacuzzi,Agoda,Villa Woodside Meadows by VEO - Part of StayVista,49,3-Bedroom Woodside Meadows by VEO Villa in Shimla,49,50,ready_to_sync,Structured into clean standard formula: Size + Name + USP + Location,https://www.agoda.com/en-in/villa-woodside-meadows-by-veo-part-of-stayvista-h13753482/hotel/shimla-in.html
976,Woodside Meadows by VEO,3,Villa,Shimla,Jacuzzi,Airbnb,3BR Woodside Meadows Hilltop Cabin with Jacuzzi,47,3BHK Woodside Meadows by VEO w/ Jacuzzi,39,44,ready_to_sync,Fixed length overflow: was 47/44 chars (truncated in search cards),https://www.airbnb.co.in/rooms/664836870630358248
976,Woodside Meadows by VEO,3,Villa,Shimla,Jacuzzi,Booking.com,"Villa Woodside Meadows by VEO - Hilltop cabin with Jacuzzi, Kasauli",67,Woodside Meadows by VEO Villa - 3BHK with Jacuzzi,49,50,ready_to_sync,Fixed length overflow: was 67/50 chars (truncated in search cards),https://www.booking.com/hotel/in/prem-ashray-by-vista-rooms.html
976,Woodside Meadows by VEO,3,Villa,Shimla,Jacuzzi,MakeMyTrip,Villa Woodside Meadows by VEO - Part of StayVista,49,3BHK Woodside Meadows by VEO • Jacuzzi • Shimla,47,50,ready_to_sync,Added prominent BHK prefix for domestic filter matching,https://www.makemytrip.com/hotels/hotel-details/?hotelId=201912231255001694&_uCurrency=INR&checkin=11252025&checkout=11262025&city=CTAGR&country=IN&funnelType=getaway&lat=27.16779&lng=78.04893&locusId=ZNDEL67F7E280&locusType=zone&rank=1&roomStayQualifier=2e0e&seekSummaryRequired=false&viewType=LUXE&mtkeys=defaultMtkey
1017,Davey's Townhouse by VEO,3,Villa,India,Private Pool,Agoda,Davey's Townhouse by VEO - Part of StayVista,44,3-Bedroom Davey's Townhouse by VEO Villa in India,49,50,ready_to_sync,Structured into clean standard formula: Size + Name + USP + Location,https://www.agoda.com/en-in/davey-s-townhouse/hotel/mysore-in.html
1017,Davey's Townhouse by VEO,3,Villa,India,Private Pool,Airbnb,3BR|PetStay+Bfast |StayVista Davey’s House| Mysore,50,3BHK Villa w/ Private Pool,26,44,ready_to_sync,"Fixed length overflow: was 50/44 chars (truncated in search cards); Removed non-compliant/cluttered characters ('|', '@', '+'); Removed redundant brand name on Airbnb (saves space for top USP)",https://www.airbnb.co.in/rooms/40763389
1017,Davey's Townhouse by VEO,3,Villa,India,Private Pool,Booking.com,"Davey's Townhouse by VEO, StayVista - 3BHK Pet-Friendly Villa with EV Station",77,Davey's Townhouse by VEO by StayVista - 3BHK Priva,50,50,ready_to_sync,Fixed length overflow: was 77/50 chars (truncated in search cards),https://www.booking.com/hotel/in/davey-39-s-townhouse.html
1017,Davey's Townhouse by VEO,3,Villa,India,Private Pool,MakeMyTrip,Davey's Townhouse by VEO - Part of StayVista,44,3BHK Villa • Private Pool • India,33,50,ready_to_sync,Added prominent BHK prefix for domestic filter matching,https://www.makemytrip.com/hotels/hotel-details/?hotelId=201604291032455936&_uCurrency=INR&checkin=11252025&checkout=11262025&city=CTAGR&country=IN&funnelType=getaway&lat=27.16779&lng=78.04893&locusId=ZNDEL67F7E280&locusType=zone&rank=1&roomStayQualifier=2e0e&seekSummaryRequired=false&viewType=LUXE&mtkeys=defaultMtkey
1140,Destine,2,Cottage,Kasauli,Mountain View,Agoda,StayVista at Destine Cottage,28,2-Bedroom Destine Cottage in Kasauli,36,50,ready_to_sync,Structured into clean standard formula: Size + Name + USP + Location,https://www.agoda.com/en-in/destine-cottage-2-br-w-forest-views-in-kasauli/hotel/sankri-in.html
1140,Destine,2,Cottage,Kasauli,Mountain View,Airbnb,2BR|Forest View|StayVista| Destine Cottage@Kasauli,50,2BHK Destine Cottage w/ Mountain View,37,44,ready_to_sync,"Fixed length overflow: was 50/44 chars (truncated in search cards); Removed non-compliant/cluttered characters ('|', '@', '+'); Removed redundant brand name on Airbnb (saves space for top USP)",https://www.airbnb.co.in/rooms/1446158152809596745
1140,Destine,2,Cottage,Kasauli,Mountain View,Booking.com,StayVista's Destine Cottage - 2BHK with Mountain View & Terrace,63,Destine Cottage - 2BHK with Mountain View,41,50,ready_to_sync,Fixed length overflow: was 63/50 chars (truncated in search cards),https://www.booking.com/hotel/in/destine-by-vista-rooms.html
1140,Destine,2,Cottage,Kasauli,Mountain View,MakeMyTrip,StayVista at Destine Cottage,28,2BHK Destine Cottage • Mountain View • Kasauli,46,50,ready_to_sync,Added prominent BHK prefix for domestic filter matching,https://www.makemytrip.com/hotels/hotel-details/?hotelId=202607081631029235&_uCurrency=INR&checkin=11252025&checkout=11262025&city=CTAGR&country=IN&funnelType=getaway&lat=27.16779&lng=78.04893&locusId=ZNDEL67F7E280&locusType=zone&rank=1&roomStayQualifier=2e0e&seekSummaryRequired=false&viewType=LUXE&mtkeys=defaultMtkey
1194,Solitude in the Woods,4,Villa,India,Pool,Agoda,StayVista at Solitude in the Woods,34,4-Bedroom Solitude in the Woods Villa in India,46,50,ready_to_sync,Structured into clean standard formula: Size + Name + USP + Location,https://www.agoda.com/en-in/solitude-in-the-woods-by-vista-rooms/hotel/new-delhi-and-ncr-in.html
1194,Solitude in the Woods,4,Villa,India,Pool,Airbnb,"4BR | Solitude in Woods W/ Pool, Kids play area",47,4BHK Solitude in the Woods • Pool & Orchard,43,44,ready_to_sync,"Fixed length overflow: was 47/44 chars (truncated in search cards); Removed non-compliant/cluttered characters ('|', '@', '+')",https://www.airbnb.co.in/rooms/42052074
1194,Solitude in the Woods,4,Villa,India,Pool,Booking.com,Solitude in the Woods by StayVista - Pet Friendly & Orchard,59,Solitude in the Woods Villa - 4BHK with Pool,44,50,ready_to_sync,Fixed length overflow: was 59/50 chars (truncated in search cards),https://www.booking.com/hotel/in/solitude-in-the-woods-by-vista-rooms.html
1194,Solitude in the Woods,4,Villa,India,Pool,MakeMyTrip,StayVista I Solitude in the Woods 2 BHK Villa,45,4BHK Solitude in the Woods Villa • Pool • India,47,50,ready_to_sync,Structured into clean standard formula: Size + Name + USP + Location,https://www.makemytrip.com/hotels/hotel-details/?hotelId=202002131146429624&_uCurrency=INR&checkin=11252025&checkout=11262025&city=CTAGR&country=IN&funnelType=getaway&lat=27.16779&lng=78.04893&locusId=ZNDEL67F7E280&locusType=zone&rank=1&roomStayQualifier=2e0e&seekSummaryRequired=false&viewType=LUXE&mtkeys=defaultMtkey
1196,Novera The Lake,3,Villa,Wayanad,Gazebo,Agoda,StayVista at Novera The Lake Villa,34,"3-Bedroom Novera The Lake Villa, Wayanad w/ Gazebo",50,50,ready_to_sync,Structured into clean standard formula: Size + Name + USP + Location,https://www.agoda.com/en-in/novera-by-vista-rooms/hotel/tariyod-in.html
1196,Novera The Lake,3,Villa,Wayanad,Gazebo,Airbnb,3 BHK Luxury Villa w/Scenic View + BKFST @ Wayanad,50,3BHK Novera The Lake Villa w/ Gazebo,36,44,ready_to_sync,"Fixed length overflow: was 50/44 chars (truncated in search cards); Removed non-compliant/cluttered characters ('|', '@', '+')",https://www.airbnb.co.in/rooms/42234446
1196,Novera The Lake,3,Villa,Wayanad,Gazebo,Booking.com,StayVista's Novera - 3BHK Lake-View Villa with Gazebo,53,Novera The Lake Villa - 3BHK with Gazebo,40,50,ready_to_sync,Fixed length overflow: was 53/50 chars (truncated in search cards),https://www.booking.com/hotel/in/novera-by-vista-rooms.html
1196,Novera The Lake,3,Villa,Wayanad,Gazebo,MakeMyTrip,StayVista | Novera Villa,24,3BHK Novera The Lake Villa • Gazebo • Wayanad,45,50,ready_to_sync,"Removed non-compliant/cluttered characters ('|', '@', '+'); Added prominent BHK prefix for domestic filter matching",https://www.makemytrip.com/hotels/hotel-details/?hotelId=202002151556328976&_uCurrency=INR&checkin=11252025&checkout=11262025&city=CTAGR&country=IN&funnelType=getaway&lat=27.16779&lng=78.04893&locusId=ZNDEL67F7E280&locusType=zone&rank=1&roomStayQualifier=2e0e&seekSummaryRequired=false&viewType=LUXE&mtkeys=defaultMtkey
722,Escape,3,Villa,India,Mountain View,Agoda,"La Ipsing Farm by StayVista, A heritage property in orchards with Mountain views, featuring Outdoor",99,"3-Bedroom Escape Villa, India w/ Mountain View",46,50,ready_to_sync,Fixed length overflow: was 99/50 chars (truncated in search cards),https://www.agoda.com/en-in/la-ipsing-farm-by-vista-rooms/hotel/rumtek-in.html
722,Escape,3,Villa,India,Mountain View,Airbnb,3BHK Views+Outdoor Games|StayVista Escape@Samdong,49,3BHK Escape • Mountain View & Orchard,37,44,ready_to_sync,"Fixed length overflow: was 49/44 chars (truncated in search cards); Removed non-compliant/cluttered characters ('|', '@', '+'); Removed redundant brand name on Airbnb (saves space for top USP)",https://www.airbnb.co.in/rooms/673565147964147782
722,Escape,3,Villa,India,Mountain View,Booking.com,"La Ipsing Farm by StayVista - 3 BHK Villa with Balcony, Mountain View, Indoor Games, and Pet Friendly",101,Escape Villa by StayVista - 3BHK w/ Mountain View,49,50,ready_to_sync,Fixed length overflow: was 101/50 chars (truncated in search cards),https://www.booking.com/hotel/in/la-lpsing-farm-by-vista-rooms.html
722,Escape,3,Villa,India,Mountain View,MakeMyTrip,StayVista | La Ipsing Farm 3 BHK Villa,38,3BHK Escape Villa • Mountain View • India,41,50,ready_to_sync,"Removed non-compliant/cluttered characters ('|', '@', '+')",https://www.makemytrip.com/hotels/hotel-details/?hotelId=201910231733437120&_uCurrency=INR&checkin=11252025&checkout=11262025&city=CTAGR&country=IN&funnelType=getaway&lat=27.16779&lng=78.04893&locusId=ZNDEL67F7E280&locusType=zone&rank=1&roomStayQualifier=2e0e&seekSummaryRequired=false&viewType=LUXE&mtkeys=defaultMtkey
687,PleasantVille,4,Villa,India,Lawn,Agoda,StayVista at PleasantVille with Huge Lawn Area,46,"4-Bedroom PleasantVille Villa, India w/ Lawn",44,50,ready_to_sync,Structured into clean standard formula: Size + Name + USP + Location,https://www.agoda.com/en-in/pleasantville-by-vista-rooms/hotel/nahan-in.html
687,PleasantVille,4,Villa,India,Lawn,Airbnb,4BR |Mountain Escape|StayVista| PleasantVille @HP,49,4BHK PleasantVille Villa w/ Lawn,32,44,ready_to_sync,"Fixed length overflow: was 49/44 chars (truncated in search cards); Removed non-compliant/cluttered characters ('|', '@', '+'); Removed redundant brand name on Airbnb (saves space for top USP)",https://www.airbnb.co.in/rooms/39454414
687,PleasantVille,4,Villa,India,Lawn,Booking.com,"PleasantVille - Nahan by VEO, StayVista - 4BHK Mountain-View Villa with Pet Friendly",84,PleasantVille Villa by StayVista - 4BHK w/ Lawn,47,50,ready_to_sync,Fixed length overflow: was 84/50 chars (truncated in search cards),https://www.booking.com/hotel/in/pleasant-villa-by-vista-rooms.html
687,PleasantVille,4,Villa,India,Lawn,MakeMyTrip,StayVista | PleasantVille 4 BHK Villa,37,4BHK PleasantVille Villa • Lawn • India,39,50,ready_to_sync,"Removed non-compliant/cluttered characters ('|', '@', '+')",https://www.makemytrip.com/hotels/hotel-details/?hotelId=201910181802126496&_uCurrency=INR&checkin=11252025&checkout=11262025&city=CTAGR&country=IN&funnelType=getaway&lat=27.16779&lng=78.04893&locusId=ZNDEL67F7E280&locusType=zone&rank=1&roomStayQualifier=2e0e&seekSummaryRequired=false&viewType=LUXE&mtkeys=defaultMtkey
